ts,id,T,P
-0.745,BARO0,31.20,100076
-0.735,BARO0,31.18,100073
-0.725,BARO0,31.18,100076
-0.715,BARO0,31.20,100079
-0.705,BARO0,31.21,100062
-0.695,BARO0,31.18,100070
-0.685,BARO0,31.17,100069
-0.675,BARO0,31.19,100069
-0.665,BARO0,31.19,100063
-0.655,BARO0,31.19,100086
-0.645,BARO0,31.19,100064
-0.635,BARO0,31.19,100073
-0.625,BARO0,31.19,100076
-0.615,BARO0,31.19,100077
-0.605,BARO0,31.20,100071
-0.595,BARO0,31.18,100062
-0.585,BARO0,31.20,100068
-0.575,BARO0,31.19,100074
-0.565,BARO0,31.18,100064
-0.555,BARO0,31.19,100075
-0.545,BARO0,31.17,100064
-0.535,BARO0,31.17,100073
-0.525,BARO0,31.19,100064
-0.515,BARO0,31.19,100074
-0.505,BARO0,31.19,100067
-0.495,BARO0,31.19,100064
-0.485,BARO0,31.18,100078
-0.475,BARO0,31.19,100090
-0.465,BARO0,31.19,100057
-0.455,BARO0,31.19,100076
-0.445,BARO0,31.19,100070
-0.435,BARO0,31.18,100069
-0.425,BARO0,31.18,100075
-0.415,BARO0,31.18,100054
-0.405,BARO0,31.19,100072
-0.395,BARO0,31.18,100068
-0.385,BARO0,31.19,100063
-0.375,BARO0,31.18,100074
-0.365,BARO0,31.19,100093
-0.355,BARO0,31.19,100073
-0.345,BARO0,31.19,100061
-0.335,BARO0,31.17,100072
-0.325,BARO0,31.19,100064
-0.315,BARO0,31.20,100064
-0.305,BARO0,31.20,100068
-0.295,BARO0,31.19,100064
-0.285,BARO0,31.18,100077
-0.275,BARO0,31.19,100053
-0.265,BARO0,31.19,100064
-0.255,BARO0,31.19,100070
-0.245,BARO0,31.20,100062
-0.235,BARO0,31.19,100077
-0.225,BARO0,31.18,100067
-0.215,BARO0,31.21,100056
-0.205,BARO0,31.18,100075
-0.195,BARO0,31.18,100072
-0.185,BARO0,31.19,100065
-0.175,BARO0,31.19,100079
-0.165,BARO0,31.19,100061
-0.155,BARO0,31.20,100069
-0.145,BARO0,31.19,100068
-0.135,BARO0,31.18,100060
-0.125,BARO0,31.19,100068
-0.115,BARO0,31.17,100060
-0.105,BARO0,31.19,100069
-0.095,BARO0,31.19,100065
-0.085,BARO0,31.19,100081
-0.075,BARO0,31.19,100059
-0.065,BARO0,31.19,100077
-0.055,BARO0,31.19,100074
-0.045,BARO0,31.18,100066
-0.035,BARO0,31.17,100051
-0.025,BARO0,31.19,100072
-0.015,BARO0,31.20,100070
-0.005,BARO0,31.19,100063
0.005,BARO0,31.20,100071
0.015,BARO0,31.20,100070
0.025,BARO0,31.19,100053
0.035,BARO0,31.19,100090
0.045,BARO0,31.19,100063
0.055,BARO0,31.19,100079
0.065,BARO0,31.18,100070
0.075,BARO0,31.19,100066
0.085,BARO0,31.19,100064
0.095,BARO0,31.20,100085
0.105,BARO0,31.18,100070
0.115,BARO0,31.18,100056
0.125,BARO0,31.19,100069
0.135,BARO0,31.19,100077
0.145,BARO0,31.19,100074
0.155,BARO0,31.19,100066
0.165,BARO0,31.18,100074
0.175,BARO0,31.17,100072
0.185,BARO0,31.17,100063
0.195,BARO0,31.21,100066
0.205,BARO0,31.17,100084
0.215,BARO0,31.18,100071
0.225,BARO0,31.18,100070
0.235,BARO0,31.19,100069
0.245,BARO0,31.18,100066
0.255,BARO0,31.17,100048
0.265,BARO0,31.20,100072
0.275,BARO0,31.17,100062
0.285,BARO0,31.19,100063
0.295,BARO0,31.18,100061
0.305,BARO0,31.18,100072
0.315,BARO0,31.18,100081
0.325,BARO0,31.18,100057
0.335,BARO0,31.18,100093
0.345,BARO0,31.19,100088
0.355,BARO0,31.19,100066
0.365,BARO0,31.21,100075
0.375,BARO0,31.16,100074
0.385,BARO0,31.18,100067
0.395,BARO0,31.18,100061
0.405,BARO0,31.21,100085
0.415,BARO0,31.18,100067
0.425,BARO0,31.18,100070
0.435,BARO0,31.17,100053
0.445,BARO0,31.17,100068
0.455,BARO0,31.18,100068
0.465,BARO0,31.17,100073
0.475,BARO0,31.19,100070
0.485,BARO0,31.17,100056
0.495,BARO0,31.17,100084
0.505,BARO0,31.17,100079
0.515,BARO0,31.18,100067
0.525,BARO0,31.17,100068
0.535,BARO0,31.18,100067
0.545,BARO0,31.18,100066
0.555,BARO0,31.18,100071
0.565,BARO0,31.17,100058
0.575,BARO0,31.19,100067
0.585,BARO0,31.20,100071
0.595,BARO0,31.18,100075
0.605,BARO0,31.17,100065
0.615,BARO0,31.18,100053
0.625,BARO0,31.17,100060
0.635,BARO0,31.17,100056
0.645,BARO0,31.17,100073
0.655,BARO0,31.18,100059
0.665,BARO0,31.17,100061
0.675,BARO0,31.17,100086
0.685,BARO0,31.15,100079
0.695,BARO0,31.18,100074
0.705,BARO0,31.19,100049
0.715,BARO0,31.16,100077
0.725,BARO0,31.18,100060
0.735,BARO0,31.17,100066
0.745,BARO0,31.17,100087
0.755,BARO0,31.16,100065
0.765,BARO0,31.15,100086
0.775,BARO0,31.17,100070
0.785,BARO0,31.19,100061
0.795,BARO0,31.16,100073
0.805,BARO0,31.18,100050
0.815,BARO0,31.17,100060
0.825,BARO0,31.17,100071
0.835,BARO0,31.17,100070
0.845,BARO0,31.18,100069
0.855,BARO0,31.15,100077
0.865,BARO0,31.17,100073
0.875,BARO0,31.13,100077
0.885,BARO0,31.18,100069
0.895,BARO0,31.17,100081
0.905,BARO0,31.17,100066
0.915,BARO0,31.16,100074
0.925,BARO0,31.16,100075
0.935,BARO0,31.16,100057
0.945,BARO0,31.17,100075
0.955,BARO0,31.16,100067
0.965,BARO0,31.16,100055
0.975,BARO0,31.16,100073
0.985,BARO0,31.14,100051
0.995,BARO0,31.16,100074
1.005,BARO0,31.17,100073
1.015,BARO0,31.16,100073
1.025,BARO0,31.16,100056
1.035,BARO0,31.17,100066
1.045,BARO0,31.17,100067
1.055,BARO0,31.18,100078
1.065,BARO0,31.17,100068
1.075,BARO0,31.17,100066
1.085,BARO0,31.16,100088
1.095,BARO0,31.16,100085
1.105,BARO0,31.15,100058
1.115,BARO0,31.16,100058
1.125,BARO0,31.16,100081
1.135,BARO0,31.16,100073
1.145,BARO0,31.17,100064
1.155,BARO0,31.17,100069
1.165,BARO0,31.16,100057
1.175,BARO0,31.14,100063
1.185,BARO0,31.16,100081
1.195,BARO0,31.17,100052
1.205,BARO0,31.17,100060
1.215,BARO0,31.17,100070
1.225,BARO0,31.15,100069
1.235,BARO0,31.16,100068
1.245,BARO0,31.14,100066
1.255,BARO0,31.14,100056
1.265,BARO0,31.17,100056
1.275,BARO0,31.17,100063
1.285,BARO0,31.15,100045
1.295,BARO0,31.15,100060
1.305,BARO0,31.16,100060
1.315,BARO0,31.16,100065
1.325,BARO0,31.16,100064
1.335,BARO0,31.16,100059
1.345,BARO0,31.16,100060
1.355,BARO0,31.17,100056
1.365,BARO0,31.15,100070
1.375,BARO0,31.13,100084
1.385,BARO0,31.17,100079
1.395,BARO0,31.14,100073
1.405,BARO0,31.15,100076
1.415,BARO0,31.16,100065
1.425,BARO0,31.15,100073
1.435,BARO0,31.16,100077
1.445,BARO0,31.16,100059
1.455,BARO0,31.17,100081
1.465,BARO0,31.16,100071
1.475,BARO0,31.14,100068
1.485,BARO0,31.15,100059
1.495,BARO0,31.14,100068
1.505,BARO0,31.15,100081
1.515,BARO0,31.15,100063
1.525,BARO0,31.16,100071
1.535,BARO0,31.15,100087
1.545,BARO0,31.16,100086
1.555,BARO0,31.16,100067
1.565,BARO0,31.14,100066
1.575,BARO0,31.15,100076
1.585,BARO0,31.18,100082
1.595,BARO0,31.15,100070
1.605,BARO0,31.15,100067
1.615,BARO0,31.16,100051
1.625,BARO0,31.16,100063
1.635,BARO0,31.16,100066
1.645,BARO0,31.16,100062
1.655,BARO0,31.16,100072
1.665,BARO0,31.15,100072
1.675,BARO0,31.16,100061
1.685,BARO0,31.16,100065
1.695,BARO0,31.17,100086
1.705,BARO0,31.16,100059
1.715,BARO0,31.15,100067
1.725,BARO0,31.15,100045
1.735,BARO0,31.15,100073
1.745,BARO0,31.15,100073
1.755,BARO0,31.17,100062
1.765,BARO0,31.15,100047
1.775,BARO0,31.16,100057
1.785,BARO0,31.13,100079
1.795,BARO0,31.16,100073
1.805,BARO0,31.15,100069
1.815,BARO0,31.14,100069
1.825,BARO0,31.15,100062
1.835,BARO0,31.15,100065
1.845,BARO0,31.16,100073
1.855,BARO0,31.14,100066
1.865,BARO0,31.15,100073
1.875,BARO0,31.15,100067
1.885,BARO0,31.14,100066
1.895,BARO0,31.15,100059
1.905,BARO0,31.14,100058
1.915,BARO0,31.14,100072
1.925,BARO0,31.14,100065
1.935,BARO0,31.14,100060
1.945,BARO0,31.14,100075
1.955,BARO0,31.14,100087
1.965,BARO0,31.14,100060
1.975,BARO0,31.13,100059
1.985,BARO0,31.11,100069
1.995,BARO0,31.15,100054
2.005,BARO0,31.16,100073
2.015,BARO0,31.14,100075
2.025,BARO0,31.14,100071
2.035,BARO0,31.13,100068
2.045,BARO0,31.15,100062
2.055,BARO0,31.12,100063
2.065,BARO0,31.13,100058
2.075,BARO0,31.15,100063
2.085,BARO0,31.15,100065
2.095,BARO0,31.14,100075
2.105,BARO0,31.12,100077
2.115,BARO0,31.13,100072
2.125,BARO0,31.13,100070
2.135,BARO0,31.13,100078
2.145,BARO0,31.13,100069
2.155,BARO0,31.11,100055
2.165,BARO0,31.11,100064
2.175,BARO0,31.13,100075
2.185,BARO0,31.11,100063
2.195,BARO0,31.11,100066
2.205,BARO0,31.13,100061
2.215,BARO0,31.12,100062
2.225,BARO0,31.12,100070
2.235,BARO0,31.12,100062
2.245,BARO0,31.13,100073
2.255,BARO0,31.13,100072
2.265,BARO0,31.11,100088
2.275,BARO0,31.11,100062
2.285,BARO0,31.12,100054
2.295,BARO0,31.13,100066
2.305,BARO0,31.13,100074
2.315,BARO0,31.11,100058
2.325,BARO0,31.12,100054
2.335,BARO0,31.11,100084
2.345,BARO0,31.12,100080
2.355,BARO0,31.11,100086
2.365,BARO0,31.11,100062
2.375,BARO0,31.11,100076
2.385,BARO0,31.10,100066
2.395,BARO0,31.12,100079
2.405,BARO0,31.12,100062
2.415,BARO0,31.11,100075
2.425,BARO0,31.11,100057
2.435,BARO0,31.12,100067
2.445,BARO0,31.12,100072
2.455,BARO0,31.11,100067
2.465,BARO0,31.11,100072
2.475,BARO0,31.09,100051
2.485,BARO0,31.11,100057
2.495,BARO0,31.09,100074
2.505,BARO0,31.11,100063
2.515,BARO0,31.11,100068
2.525,BARO0,31.11,100068
2.535,BARO0,31.10,100082
2.545,BARO0,31.10,100073
2.555,BARO0,31.09,100076
2.565,BARO0,31.11,100066
2.575,BARO0,31.10,100069
2.585,BARO0,31.10,100071
2.595,BARO0,31.11,100053
2.605,BARO0,31.11,100059
2.615,BARO0,31.10,100062
2.625,BARO0,31.10,100075
2.635,BARO0,31.11,100056
2.645,BARO0,31.10,100084
2.655,BARO0,31.09,100067
2.665,BARO0,31.12,100083
2.675,BARO0,31.09,100058
2.685,BARO0,31.11,100068
2.695,BARO0,31.10,100072
2.705,BARO0,31.09,100056
2.715,BARO0,31.09,100089
2.725,BARO0,31.10,100066
2.735,BARO0,31.09,100049
2.745,BARO0,31.08,100072
2.755,BARO0,31.09,100065
2.765,BARO0,31.11,100074
2.775,BARO0,31.10,100083
2.785,BARO0,31.11,100067
2.795,BARO0,31.10,100065
2.805,BARO0,31.10,100081
2.815,BARO0,31.10,100074
2.825,BARO0,31.09,100068
2.835,BARO0,31.10,100072
2.845,BARO0,31.10,100094
2.855,BARO0,31.08,100064
2.865,BARO0,31.11,100079
2.875,BARO0,31.08,100039
2.885,BARO0,31.09,100064
2.895,BARO0,31.10,100063
2.905,BARO0,31.08,100075
2.915,BARO0,31.09,100071
2.925,BARO0,31.09,100078
2.935,BARO0,31.10,100094
2.945,BARO0,31.07,100068
2.955,BARO0,31.08,100079
2.965,BARO0,31.09,100070
2.975,BARO0,31.09,100060
2.985,BARO0,31.06,100074
2.995,BARO0,31.08,100068
3.005,BARO0,31.09,100066
3.015,BARO0,31.09,100066
3.025,BARO0,31.10,100065
3.035,BARO0,31.09,100082
3.045,BARO0,31.09,100069
3.055,BARO0,31.10,100084
3.065,BARO0,31.09,100052
3.075,BARO0,31.09,100069
3.085,BARO0,31.08,100072
3.095,BARO0,31.10,100072
3.105,BARO0,31.10,100069
3.115,BARO0,31.09,100082
3.125,BARO0,31.09,100069
3.135,BARO0,31.08,100059
3.145,BARO0,31.08,100062
3.155,BARO0,31.09,100079
3.165,BARO0,31.06,100046
3.175,BARO0,31.08,100058
3.185,BARO0,31.11,100069
3.195,BARO0,31.08,100079
3.205,BARO0,31.08,100078
3.215,BARO0,31.08,100069
3.225,BARO0,31.09,100083
3.235,BARO0,31.08,100076
3.245,BARO0,31.08,100077
3.255,BARO0,31.08,100069
3.265,BARO0,31.08,100066
3.275,BARO0,31.10,100082
3.285,BARO0,31.12,100069
3.295,BARO0,31.09,100075
3.305,BARO0,31.08,100075
3.315,BARO0,31.08,100077
3.325,BARO0,31.09,100075
3.335,BARO0,31.08,100060
3.345,BARO0,31.06,100062
3.355,BARO0,31.09,100060
3.365,BARO0,31.08,100064
3.375,BARO0,31.08,100064
3.385,BARO0,31.10,100059
3.395,BARO0,31.10,100076
3.405,BARO0,31.07,100072
3.415,BARO0,31.08,100069
3.425,BARO0,31.08,100079
3.435,BARO0,31.09,100045
3.445,BARO0,31.08,100065
3.455,BARO0,31.08,100074
3.465,BARO0,31.09,100065
3.475,BARO0,31.09,100065
3.485,BARO0,31.08,100055
3.495,BARO0,31.08,100059
3.505,BARO0,31.08,100063
3.515,BARO0,31.08,100050
3.525,BARO0,31.08,100087
3.535,BARO0,31.08,100078
3.545,BARO0,31.09,100076
3.555,BARO0,31.09,100060
3.565,BARO0,31.09,100060
3.575,BARO0,31.07,100056
3.585,BARO0,31.09,100070
3.595,BARO0,31.08,100060
3.605,BARO0,31.07,100071
3.615,BARO0,31.08,100068
3.625,BARO0,31.08,100053
3.635,BARO0,31.08,100067
3.645,BARO0,31.07,100074
3.655,BARO0,31.10,100089
3.665,BARO0,31.07,100099
3.675,BARO0,31.07,100068
3.685,BARO0,31.07,100062
3.695,BARO0,31.09,100084
3.705,BARO0,31.08,100071
3.715,BARO0,31.08,100061
3.725,BARO0,31.08,100080
3.735,BARO0,31.08,100085
3.745,BARO0,31.09,100079
3.755,BARO0,31.07,100083
3.765,BARO0,31.08,100060
3.775,BARO0,31.09,100060
3.785,BARO0,31.08,100062
3.795,BARO0,31.08,100064
3.805,BARO0,31.07,100057
3.815,BARO0,31.08,100040
3.825,BARO0,31.08,100057
3.835,BARO0,31.08,100053
3.845,BARO0,31.08,100041
3.855,BARO0,31.06,100056
3.865,BARO0,31.07,100031
3.875,BARO0,31.08,100055
3.885,BARO0,31.07,100035
3.895,BARO0,31.07,100033
3.905,BARO0,31.06,100033
3.915,BARO0,31.07,100006
3.925,BARO0,31.08,100026
3.935,BARO0,31.08,100003
3.945,BARO0,31.06,100007
3.955,BARO0,31.08,99977
3.965,BARO0,31.07,99998
3.975,BARO0,31.06,99996
3.985,BARO0,31.10,99969
3.995,BARO0,31.07,99974
4.005,BARO0,31.10,99966
4.015,BARO0,31.08,99950
4.025,BARO0,31.08,99949
4.035,BARO0,31.07,99931
4.045,BARO0,31.08,99941
4.055,BARO0,31.09,99923
4.065,BARO0,31.07,99908
4.075,BARO0,31.08,99892
4.085,BARO0,31.09,99895
4.095,BARO0,31.08,99879
4.105,BARO0,31.08,99851
4.115,BARO0,31.07,99863
4.125,BARO0,31.07,99853
4.135,BARO0,31.08,99829
4.145,BARO0,31.08,99827
4.155,BARO0,31.10,99833
4.165,BARO0,31.07,99785
4.175,BARO0,31.08,99798
4.185,BARO0,31.07,99780
4.195,BARO0,31.06,99758
4.205,BARO0,31.09,99759
4.215,BARO0,31.08,99729
4.225,BARO0,31.07,99722
4.235,BARO0,31.08,99708
4.245,BARO0,31.08,99707
4.255,BARO0,31.08,99676
4.265,BARO0,31.06,99678
4.275,BARO0,31.08,99641
4.285,BARO0,31.09,99624
4.295,BARO0,31.08,99625
4.305,BARO0,31.07,99610
4.315,BARO0,31.07,99578
4.325,BARO0,31.07,99575
4.335,BARO0,31.08,99550
4.345,BARO0,31.07,99528
4.355,BARO0,31.09,99512
4.365,BARO0,31.09,99489
4.375,BARO0,31.05,99480
4.385,BARO0,31.08,99465
4.395,BARO0,31.08,99435
4.405,BARO0,31.08,99433
4.415,BARO0,31.07,99400
4.425,BARO0,31.07,99398
4.435,BARO0,31.07,99374
4.445,BARO0,31.07,99358
4.455,BARO0,31.07,99329
4.465,BARO0,31.07,99312
4.475,BARO0,31.08,99273
4.485,BARO0,31.07,99262
4.495,BARO0,31.08,99244
4.505,BARO0,31.09,99233
4.515,BARO0,31.07,99181
4.525,BARO0,31.07,99180
4.535,BARO0,31.07,99142
4.545,BARO0,31.08,99145
4.555,BARO0,31.09,99098
4.565,BARO0,31.05,99075
4.575,BARO0,31.08,99054
4.585,BARO0,31.08,99023
4.595,BARO0,31.07,99006
4.605,BARO0,31.08,98980
4.615,BARO0,31.07,98950
4.625,BARO0,31.07,98926
4.635,BARO0,31.07,98915
4.645,BARO0,31.05,98860
4.655,BARO0,31.08,98827
4.665,BARO0,31.05,98818
4.675,BARO0,31.06,98804
4.685,BARO0,31.06,98764
4.695,BARO0,31.06,98759
4.705,BARO0,31.08,98708
4.715,BARO0,31.06,98666
4.725,BARO0,31.07,98640
4.735,BARO0,31.07,98630
4.745,BARO0,31.08,98573
4.755,BARO0,31.07,98569
4.765,BARO0,31.06,98529
4.775,BARO0,31.06,98499
4.785,BARO0,31.08,98480
4.795,BARO0,31.07,98465
4.805,BARO0,31.08,98404
4.815,BARO0,31.07,98394
4.825,BARO0,31.06,98347
4.835,BARO0,31.07,98329
4.845,BARO0,31.08,98284
4.855,BARO0,31.07,98246
4.865,BARO0,31.06,98230
4.875,BARO0,31.06,98198
4.885,BARO0,31.06,98160
4.895,BARO0,31.06,98131
4.905,BARO0,31.06,98107
4.915,BARO0,31.07,98058
4.925,BARO0,31.06,98025
4.935,BARO0,31.06,97985
4.945,BARO0,31.09,97955
4.955,BARO0,31.06,97920
4.965,BARO0,31.06,97874
4.975,BARO0,31.04,97834
4.985,BARO0,31.07,97816
4.995,BARO0,31.08,97768
5.005,BARO0,31.05,97743
5.015,BARO0,31.06,97706
5.025,BARO0,31.07,97657
5.035,BARO0,31.06,97632
5.045,BARO0,31.06,97587
5.055,BARO0,31.07,97558
5.065,BARO0,31.05,97522
5.075,BARO0,31.08,97472
5.085,BARO0,31.08,97446
5.095,BARO0,31.06,97398
5.105,BARO0,31.08,97359
5.115,BARO0,31.07,97339
5.125,BARO0,31.06,97295
5.135,BARO0,31.07,97252
5.145,BARO0,31.08,97207
5.155,BARO0,31.09,97162
5.165,BARO0,31.07,97125
5.175,BARO0,31.07,97083
5.185,BARO0,31.06,97039
5.195,BARO0,31.07,97014
5.205,BARO0,31.06,96966
5.215,BARO0,31.06,96912
5.225,BARO0,31.06,96883
5.235,BARO0,31.06,96825
5.245,BARO0,31.06,96792
5.255,BARO0,31.08,96755
5.265,BARO0,31.07,96727
5.275,BARO0,31.05,96660
5.285,BARO0,31.06,96636
5.295,BARO0,31.07,96573
5.305,BARO0,31.04,96543
5.315,BARO0,31.07,96503
5.325,BARO0,31.06,96445
5.335,BARO0,31.07,96400
5.345,BARO0,31.06,96371
5.355,BARO0,31.06,96321
5.365,BARO0,31.06,96263
5.375,BARO0,31.06,96214
5.385,BARO0,31.05,96187
5.395,BARO0,31.06,96122
5.405,BARO0,31.05,96083
5.415,BARO0,31.06,96032
5.425,BARO0,31.05,95984
5.435,BARO0,31.06,95932
5.445,BARO0,31.09,95899
5.455,BARO0,31.08,95852
5.465,BARO0,31.08,95805
5.475,BARO0,31.05,95768
5.485,BARO0,31.08,95715
5.495,BARO0,31.08,95683
5.505,BARO0,31.07,95632
5.515,BARO0,31.06,95578
5.525,BARO0,31.06,95542
5.535,BARO0,31.06,95495
5.545,BARO0,31.06,95441
5.555,BARO0,31.07,95414
5.565,BARO0,31.10,95341
5.575,BARO0,31.05,95319
5.585,BARO0,31.06,95264
5.595,BARO0,31.06,95206
5.605,BARO0,31.06,95161
5.615,BARO0,31.05,95138
5.625,BARO0,31.06,95082
5.635,BARO0,31.05,95046
5.645,BARO0,31.04,94986
5.655,BARO0,31.07,94960
5.665,BARO0,31.05,94918
5.675,BARO0,31.07,94874
5.685,BARO0,31.06,94818
5.695,BARO0,31.05,94780
5.705,BARO0,31.05,94728
5.715,BARO0,31.06,94680
5.725,BARO0,31.06,94642
5.735,BARO0,31.06,94610
5.745,BARO0,31.07,94552
5.755,BARO0,31.07,94532
5.765,BARO0,31.05,94465
5.775,BARO0,31.05,94418
5.785,BARO0,31.05,94385
5.795,BARO0,31.06,94347
5.805,BARO0,31.05,94306
5.815,BARO0,31.06,94260
5.825,BARO0,31.06,94208
5.835,BARO0,31.05,94162
5.845,BARO0,31.07,94113
5.855,BARO0,31.06,94083
5.865,BARO0,31.05,94029
5.875,BARO0,31.05,94002
5.885,BARO0,31.06,93953
5.895,BARO0,31.06,93916
5.905,BARO0,31.06,93876
5.915,BARO0,31.05,93841
5.925,BARO0,31.05,93789
5.935,BARO0,31.05,93725
5.945,BARO0,31.03,93696
5.955,BARO0,31.06,93659
5.965,BARO0,31.04,93611
5.975,BARO0,31.07,93566
5.985,BARO0,31.02,93528
5.995,BARO0,31.06,93497
6.005,BARO0,31.06,93449
6.015,BARO0,31.06,93406
6.025,BARO0,31.05,93350
6.035,BARO0,31.05,93311
6.045,BARO0,31.04,93286
6.055,BARO0,31.05,93254
6.065,BARO0,31.06,93202
6.075,BARO0,31.07,93160
6.085,BARO0,31.05,93114
6.095,BARO0,31.05,93076
6.105,BARO0,31.06,93009
6.115,BARO0,31.05,93020
6.125,BARO0,31.05,92959
6.135,BARO0,31.05,92898
6.145,BARO0,31.04,92860
6.155,BARO0,31.05,92831
6.165,BARO0,31.06,92794
6.175,BARO0,31.06,92744
6.185,BARO0,31.06,92700
6.195,BARO0,31.04,92668
6.205,BARO0,31.06,92618
6.215,BARO0,31.05,92571
6.225,BARO0,31.05,92548
6.235,BARO0,31.05,92499
6.245,BARO0,31.05,92463
6.255,BARO0,31.05,92437
6.265,BARO0,31.06,92383
6.275,BARO0,31.04,92357
6.285,BARO0,31.05,92312
6.295,BARO0,31.06,92265
6.305,BARO0,31.06,92218
6.315,BARO0,31.05,92189
6.325,BARO0,31.05,92152
6.335,BARO0,31.05,92094
6.345,BARO0,31.05,92065
6.355,BARO0,31.04,92018
6.365,BARO0,31.04,91996
6.375,BARO0,31.05,91944
6.385,BARO0,31.06,91892
6.395,BARO0,31.05,91864
6.405,BARO0,31.01,91819
6.415,BARO0,31.05,91784
6.425,BARO0,31.05,91748
6.435,BARO0,31.05,91726
6.445,BARO0,31.05,91667
6.455,BARO0,31.03,91617
6.465,BARO0,31.04,91593
6.475,BARO0,31.05,91554
6.485,BARO0,31.04,91518
6.495,BARO0,31.04,91481
6.505,BARO0,31.04,91431
6.515,BARO0,31.05,91406
6.525,BARO0,31.05,91366
6.535,BARO0,31.04,91322
6.545,BARO0,31.05,91281
6.555,BARO0,31.04,91248
6.565,BARO0,31.05,91199
6.575,BARO0,31.05,91164
6.585,BARO0,31.05,91116
6.595,BARO0,31.04,91094
6.605,BARO0,31.05,91047
6.615,BARO0,31.04,91009
6.625,BARO0,31.04,90978
6.635,BARO0,31.04,90934
6.645,BARO0,31.05,90895
6.655,BARO0,31.03,90855
6.665,BARO0,31.04,90809
6.675,BARO0,31.04,90765
6.685,BARO0,31.05,90740
6.695,BARO0,31.04,90705
6.705,BARO0,31.05,90664
6.715,BARO0,31.04,90621
6.725,BARO0,31.04,90602
6.735,BARO0,31.04,90546
6.745,BARO0,31.06,90514
6.755,BARO0,31.05,90481
6.765,BARO0,31.04,90438
6.775,BARO0,31.05,90381
6.785,BARO0,31.04,90352
6.795,BARO0,31.04,90346
6.805,BARO0,31.05,90286
6.815,BARO0,31.03,90246
6.825,BARO0,31.04,90221
6.835,BARO0,31.04,90186
6.845,BARO0,31.05,90128
6.855,BARO0,31.05,90111
6.865,BARO0,31.03,90071
6.875,BARO0,31.05,90042
6.885,BARO0,31.03,89996
6.895,BARO0,31.03,89979
6.905,BARO0,31.04,89914
6.915,BARO0,31.04,89882
6.925,BARO0,31.04,89855
6.935,BARO0,31.04,89822
6.945,BARO0,31.04,89790
6.955,BARO0,31.05,89723
6.965,BARO0,31.03,89705
6.975,BARO0,31.04,89663
6.985,BARO0,31.03,89625
6.995,BARO0,31.04,89593
7.005,BARO0,31.04,89558
7.015,BARO0,31.04,89519
7.025,BARO0,31.03,89474
7.035,BARO0,31.04,89440
7.045,BARO0,31.06,89402
7.055,BARO0,31.02,89372
7.065,BARO0,31.03,89336
7.075,BARO0,31.04,89305
7.085,BARO0,31.04,89278
7.095,BARO0,31.04,89221
7.105,BARO0,31.04,89202
7.115,BARO0,31.03,89162
7.125,BARO0,31.04,89125
7.135,BARO0,31.03,89095
7.145,BARO0,31.04,89047
7.155,BARO0,31.04,89025
7.165,BARO0,31.03,88988
7.175,BARO0,31.03,88960
7.185,BARO0,31.05,88914
7.195,BARO0,31.02,88896
7.205,BARO0,31.02,88850
7.215,BARO0,31.03,88802
7.225,BARO0,31.04,88762
7.235,BARO0,31.04,88731
7.245,BARO0,31.05,88704
7.255,BARO0,31.03,88654
7.265,BARO0,31.02,88651
7.275,BARO0,31.05,88590
7.285,BARO0,31.03,88569
7.295,BARO0,31.02,88521
7.305,BARO0,31.05,88500
7.315,BARO0,31.04,88459
7.325,BARO0,31.04,88429
7.335,BARO0,31.03,88388
7.345,BARO0,31.04,88357
7.355,BARO0,31.04,88316
7.365,BARO0,31.02,88280
7.375,BARO0,31.03,88249
7.385,BARO0,31.02,88223
7.395,BARO0,31.04,88183
7.405,BARO0,31.03,88152
7.415,BARO0,31.03,88101
7.425,BARO0,31.04,88080
7.435,BARO0,31.04,88040
7.445,BARO0,31.05,88012
7.455,BARO0,31.04,87985
7.465,BARO0,31.04,87930
7.475,BARO0,31.03,87906
7.485,BARO0,31.05,87881
7.495,BARO0,31.02,87847
7.505,BARO0,31.03,87805
7.515,BARO0,31.03,87779
7.525,BARO0,31.03,87739
7.535,BARO0,31.03,87708
7.545,BARO0,31.04,87658
7.555,BARO0,31.03,87645
7.565,BARO0,31.02,87601
7.575,BARO0,31.04,87576
7.585,BARO0,31.04,87533
7.595,BARO0,31.04,87497
7.605,BARO0,31.03,87449
7.615,BARO0,31.03,87449
7.625,BARO0,31.04,87394
7.635,BARO0,31.04,87367
7.645,BARO0,31.02,87338
7.655,BARO0,31.04,87295
7.665,BARO0,31.04,87267
7.675,BARO0,31.05,87253
7.685,BARO0,31.03,87220
7.695,BARO0,31.04,87179
7.705,BARO0,31.04,87142
7.715,BARO0,31.03,87106
7.725,BARO0,31.03,87071
7.735,BARO0,31.03,87037
7.745,BARO0,31.03,86996
7.755,BARO0,31.03,86970
7.765,BARO0,31.03,86968
7.775,BARO0,31.04,86906
7.785,BARO0,31.03,86889
7.795,BARO0,31.05,86847
7.805,BARO0,31.04,86811
7.815,BARO0,31.04,86784
7.825,BARO0,31.03,86738
7.835,BARO0,31.03,86726
7.845,BARO0,31.02,86691
7.855,BARO0,31.03,86651
7.865,BARO0,31.03,86617
7.875,BARO0,31.04,86595
7.885,BARO0,31.02,86560
7.895,BARO0,31.04,86520
7.905,BARO0,31.04,86496
7.915,BARO0,31.04,86457
7.925,BARO0,31.04,86432
7.935,BARO0,31.04,86395
7.945,BARO0,31.02,86341
7.955,BARO0,31.03,86323
7.965,BARO0,31.04,86307
7.975,BARO0,31.04,86272
7.985,BARO0,31.05,86225
7.995,BARO0,31.04,86194
8.005,BARO0,31.03,86196
8.015,BARO0,31.04,86144
8.025,BARO0,31.04,86106
8.035,BARO0,31.04,86069
8.045,BARO0,31.04,86026
8.055,BARO0,31.05,86006
8.065,BARO0,31.04,85983
8.075,BARO0,31.04,85953
8.085,BARO0,31.04,85920
8.095,BARO0,31.02,85879
8.105,BARO0,31.03,85882
8.115,BARO0,31.03,85837
8.125,BARO0,31.04,85792
8.135,BARO0,31.04,85780
8.145,BARO0,31.02,85740
8.155,BARO0,31.03,85695
8.165,BARO0,31.06,85687
8.175,BARO0,31.03,85639
8.185,BARO0,31.04,85594
8.195,BARO0,31.04,85581
8.205,BARO0,31.03,85552
8.215,BARO0,31.03,85512
8.225,BARO0,31.03,85480
8.235,BARO0,31.04,85433
8.245,BARO0,31.04,85414
8.255,BARO0,31.04,85395
8.265,BARO0,31.03,85353
8.275,BARO0,31.03,85314
8.285,BARO0,31.03,85308
8.295,BARO0,31.03,85258
8.305,BARO0,31.04,85235
8.315,BARO0,31.03,85215
8.325,BARO0,31.04,85183
8.335,BARO0,31.05,85147
8.345,BARO0,31.03,85124
8.355,BARO0,31.02,85082
8.365,BARO0,31.03,85047
8.375,BARO0,31.05,85022
8.385,BARO0,31.02,84994
8.395,BARO0,31.04,84958
8.405,BARO0,31.04,84920
8.415,BARO0,31.04,84887
8.425,BARO0,31.03,84870
8.435,BARO0,31.04,84842
8.445,BARO0,31.04,84819
8.455,BARO0,31.03,84774
8.465,BARO0,31.04,84743
8.475,BARO0,31.02,84729
8.485,BARO0,31.04,84698
8.495,BARO0,31.05,84675
8.505,BARO0,31.04,84634
8.515,BARO0,31.04,84608
8.525,BARO0,31.03,84584
8.535,BARO0,31.04,84527
8.545,BARO0,31.03,84518
8.555,BARO0,31.04,84498
8.565,BARO0,31.03,84478
8.575,BARO0,31.05,84430
8.585,BARO0,31.02,84406
8.595,BARO0,31.02,84370
8.605,BARO0,31.03,84326
8.615,BARO0,31.03,84297
8.625,BARO0,31.04,84285
8.635,BARO0,31.05,84231
8.645,BARO0,31.04,84218
8.655,BARO0,31.03,84196
8.665,BARO0,31.02,84176
8.675,BARO0,31.05,84132
8.685,BARO0,31.04,84087
8.695,BARO0,31.05,84085
8.705,BARO0,31.04,84051
8.715,BARO0,31.03,84019
8.725,BARO0,31.03,84004
8.735,BARO0,31.04,83960
8.745,BARO0,31.03,83933
8.755,BARO0,31.05,83912
8.765,BARO0,31.03,83887
8.775,BARO0,31.06,83857
8.785,BARO0,31.04,83798
8.795,BARO0,31.03,83778
8.805,BARO0,31.04,83757
8.815,BARO0,31.04,83730
8.825,BARO0,31.04,83696
8.835,BARO0,31.05,83689
8.845,BARO0,31.03,83625
8.855,BARO0,31.04,83624
8.865,BARO0,31.06,83590
8.875,BARO0,31.04,83544
8.885,BARO0,31.03,83537
8.895,BARO0,31.06,83507
8.905,BARO0,31.04,83476
8.915,BARO0,31.04,83438
8.925,BARO0,31.03,83412
8.935,BARO0,31.02,83392
8.945,BARO0,31.03,83353
8.955,BARO0,31.03,83325
8.965,BARO0,31.01,83318
8.975,BARO0,31.05,83278
8.985,BARO0,31.06,83262
8.995,BARO0,31.04,83205
9.005,BARO0,31.04,83183
9.015,BARO0,31.03,83177
9.025,BARO0,31.03,83145
9.035,BARO0,31.05,83104
9.045,BARO0,31.03,83077
9.055,BARO0,31.05,83042
9.065,BARO0,31.05,83016
9.075,BARO0,31.06,82996
9.085,BARO0,31.03,82971
9.095,BARO0,31.05,82955
9.105,BARO0,31.03,82921
9.115,BARO0,31.03,82882
9.125,BARO0,31.04,82848
9.135,BARO0,31.02,82831
9.145,BARO0,31.03,82806
9.155,BARO0,31.05,82773
9.165,BARO0,31.02,82756
9.175,BARO0,31.05,82724
9.185,BARO0,31.04,82700
9.195,BARO0,31.03,82669
9.205,BARO0,31.04,82653
9.215,BARO0,31.04,82621
9.225,BARO0,31.04,82590
9.235,BARO0,31.04,82551
9.245,BARO0,31.02,82543
9.255,BARO0,31.04,82500
9.265,BARO0,31.03,82472
9.275,BARO0,31.04,82432
9.285,BARO0,31.04,82433
9.295,BARO0,31.04,82385
9.305,BARO0,31.04,82362
9.315,BARO0,31.03,82330
9.325,BARO0,31.03,82310
9.335,BARO0,31.02,82290
9.345,BARO0,31.01,82273
9.355,BARO0,31.03,82244
9.365,BARO0,31.05,82195
9.375,BARO0,31.03,82193
9.385,BARO0,31.04,82150
9.395,BARO0,31.03,82131
9.405,BARO0,31.04,82104
9.415,BARO0,31.04,82080
9.425,BARO0,31.04,82050
9.435,BARO0,31.06,82015
9.445,BARO0,31.03,81991
9.455,BARO0,31.03,81965
9.465,BARO0,31.02,81956
9.475,BARO0,31.05,81918
9.485,BARO0,31.04,81886
9.495,BARO0,31.03,81862
9.505,BARO0,31.03,81832
9.515,BARO0,31.04,81810
9.525,BARO0,31.03,81761
9.535,BARO0,31.05,81757
9.545,BARO0,31.03,81741
9.555,BARO0,31.03,81708
9.565,BARO0,31.03,81694
9.575,BARO0,31.03,81659
9.585,BARO0,31.03,81600
9.595,BARO0,31.02,81602
9.605,BARO0,31.03,81578
9.615,BARO0,31.03,81546
9.625,BARO0,31.03,81530
9.635,BARO0,31.06,81498
9.645,BARO0,31.03,81466
9.655,BARO0,31.02,81432
9.665,BARO0,31.03,81408
9.675,BARO0,31.03,81411
9.685,BARO0,31.03,81361
9.695,BARO0,31.02,81356
9.705,BARO0,31.03,81299
9.715,BARO0,31.03,81282
9.725,BARO0,31.04,81258
9.735,BARO0,31.01,81248
9.745,BARO0,31.04,81211
9.755,BARO0,31.04,81191
9.765,BARO0,31.02,81161
9.775,BARO0,31.03,81120
9.785,BARO0,31.02,81108
9.795,BARO0,31.04,81097
9.805,BARO0,31.03,81045
9.815,BARO0,31.03,81032
9.825,BARO0,31.03,81019
9.835,BARO0,31.04,80981
9.845,BARO0,31.03,80962
9.855,BARO0,31.01,80930
9.865,BARO0,31.02,80906
9.875,BARO0,31.03,80877
9.885,BARO0,31.03,80868
9.895,BARO0,31.04,80819
9.905,BARO0,31.03,80802
9.915,BARO0,31.03,80785
9.925,BARO0,31.03,80772
9.935,BARO0,31.02,80738
9.945,BARO0,31.03,80711
9.955,BARO0,31.02,80681
9.965,BARO0,31.04,80676
9.975,BARO0,31.02,80625
9.985,BARO0,31.02,80613
9.995,BARO0,31.03,80581
10.005,BARO0,31.03,80535
10.015,BARO0,31.04,80544
10.025,BARO0,31.03,80517
10.035,BARO0,31.03,80498
10.045,BARO0,31.02,80474
10.055,BARO0,31.01,80433
10.065,BARO0,31.02,80432
10.075,BARO0,31.03,80378
10.085,BARO0,31.03,80348
10.095,BARO0,31.03,80341
10.105,BARO0,31.02,80326
10.115,BARO0,31.02,80286
10.125,BARO0,31.02,80275
10.135,BARO0,31.02,80246
10.145,BARO0,31.01,80224
10.155,BARO0,31.03,80197
10.165,BARO0,31.04,80160
10.175,BARO0,31.03,80127
10.185,BARO0,31.03,80123
10.195,BARO0,31.02,80090
10.205,BARO0,31.02,80073
10.215,BARO0,31.03,80046
10.225,BARO0,31.02,80014
10.235,BARO0,31.01,79988
10.245,BARO0,31.02,79974
10.255,BARO0,31.00,79951
10.265,BARO0,31.03,79916
10.275,BARO0,31.03,79894
10.285,BARO0,31.03,79883
10.295,BARO0,31.01,79848
10.305,BARO0,31.02,79835
10.315,BARO0,31.02,79804
10.325,BARO0,31.02,79776
10.335,BARO0,31.01,79741
10.345,BARO0,31.01,79735
10.355,BARO0,31.02,79706
10.365,BARO0,31.02,79672
10.375,BARO0,31.02,79650
10.385,BARO0,31.02,79629
10.395,BARO0,31.02,79616
10.405,BARO0,31.02,79587
10.415,BARO0,31.02,79566
10.425,BARO0,31.02,79539
10.435,BARO0,31.01,79525
10.445,BARO0,31.03,79490
10.455,BARO0,31.00,79483
10.465,BARO0,31.03,79443
10.475,BARO0,31.03,79428
10.485,BARO0,31.04,79393
10.495,BARO0,31.03,79395
10.505,BARO0,31.02,79359
10.515,BARO0,31.02,79336
10.525,BARO0,31.02,79299
10.535,BARO0,31.03,79307
10.545,BARO0,31.04,79257
10.555,BARO0,31.01,79253
10.565,BARO0,31.02,79226
10.575,BARO0,31.01,79184
10.585,BARO0,31.02,79190
10.595,BARO0,31.01,79146
10.605,BARO0,31.02,79121
10.615,BARO0,31.02,79104
10.625,BARO0,31.02,79070
10.635,BARO0,31.04,79037
10.645,BARO0,31.03,79020
10.655,BARO0,31.04,79008
10.665,BARO0,31.03,78979
10.675,BARO0,31.03,78954
10.685,BARO0,31.02,78952
10.695,BARO0,31.01,78918
10.705,BARO0,31.02,78890
10.715,BARO0,31.02,78884
10.725,BARO0,31.02,78847
10.735,BARO0,31.02,78823
10.745,BARO0,31.03,78811
10.755,BARO0,31.03,78783
10.765,BARO0,31.03,78740
10.775,BARO0,31.01,78756
10.785,BARO0,31.02,78702
10.795,BARO0,31.02,78704
10.805,BARO0,31.02,78682
10.815,BARO0,31.02,78639
10.825,BARO0,31.02,78623
10.835,BARO0,31.00,78588
10.845,BARO0,31.03,78581
10.855,BARO0,31.01,78536
10.865,BARO0,31.01,78540
10.875,BARO0,31.02,78514
10.885,BARO0,31.03,78488
10.895,BARO0,31.03,78451
10.905,BARO0,31.03,78440
10.915,BARO0,31.03,78402
10.925,BARO0,31.02,78386
10.935,BARO0,31.00,78368
10.945,BARO0,31.02,78376
10.955,BARO0,31.03,78339
10.965,BARO0,31.03,78302
10.975,BARO0,31.03,78284
10.985,BARO0,31.02,78270
10.995,BARO0,31.03,78247
11.005,BARO0,31.02,78226
11.015,BARO0,31.02,78185
11.025,BARO0,31.03,78183
11.035,BARO0,31.02,78157
11.045,BARO0,31.03,78125
11.055,BARO0,31.04,78108
11.065,BARO0,31.03,78093
11.075,BARO0,31.02,78057
11.085,BARO0,31.02,78042
11.095,BARO0,31.03,78034
11.105,BARO0,31.03,77994
11.115,BARO0,31.03,77974
11.125,BARO0,31.02,77966
11.135,BARO0,31.03,77925
11.145,BARO0,31.04,77917
11.155,BARO0,31.04,77895
11.165,BARO0,31.04,77866
11.175,BARO0,31.01,77834
11.185,BARO0,31.03,77827
11.195,BARO0,31.04,77812
11.205,BARO0,31.03,77788
11.215,BARO0,31.03,77758
11.225,BARO0,31.02,77731
11.235,BARO0,31.03,77734
11.245,BARO0,31.03,77699
11.255,BARO0,31.04,77684
11.265,BARO0,31.02,77648
11.275,BARO0,31.04,77636
11.285,BARO0,31.03,77623
11.295,BARO0,31.02,77599
11.305,BARO0,31.03,77568
11.315,BARO0,31.03,77553
11.325,BARO0,31.03,77526
11.335,BARO0,31.01,77518
11.345,BARO0,31.04,77496
11.355,BARO0,31.01,77451
11.365,BARO0,31.04,77435
11.375,BARO0,31.03,77442
11.385,BARO0,31.03,77405
11.395,BARO0,31.03,77375
11.405,BARO0,31.03,77371
11.415,BARO0,31.03,77348
11.425,BARO0,31.03,77324
11.435,BARO0,31.03,77296
11.445,BARO0,31.05,77263
11.455,BARO0,31.03,77263
11.465,BARO0,31.02,77245
11.475,BARO0,31.02,77207
11.485,BARO0,31.04,77196
11.495,BARO0,31.02,77174
11.505,BARO0,31.03,77143
11.515,BARO0,31.03,77136
11.525,BARO0,31.03,77109
11.535,BARO0,31.05,77088
11.545,BARO0,31.03,77054
11.555,BARO0,31.04,77051
11.565,BARO0,31.02,77021
11.575,BARO0,31.03,77015
11.585,BARO0,31.04,76995
11.595,BARO0,31.01,76966
11.605,BARO0,31.03,76928
11.615,BARO0,31.04,76919
11.625,BARO0,31.03,76898
11.635,BARO0,31.02,76874
11.645,BARO0,31.04,76861
11.655,BARO0,31.02,76833
11.665,BARO0,31.03,76823
11.675,BARO0,31.01,76823
11.685,BARO0,31.03,76787
11.695,BARO0,31.04,76742
11.705,BARO0,31.03,76732
11.715,BARO0,31.03,76706
11.725,BARO0,31.03,76706
11.735,BARO0,31.01,76667
11.745,BARO0,31.03,76665
11.755,BARO0,31.04,76622
11.765,BARO0,31.03,76606
11.775,BARO0,31.04,76594
11.785,BARO0,31.03,76594
11.795,BARO0,31.04,76549
11.805,BARO0,31.02,76534
11.815,BARO0,31.03,76527
11.825,BARO0,31.03,76500
11.835,BARO0,31.04,76471
11.845,BARO0,31.05,76450
11.855,BARO0,31.02,76428
11.865,BARO0,31.04,76422
11.875,BARO0,31.03,76407
11.885,BARO0,31.03,76358
11.895,BARO0,31.03,76365
11.905,BARO0,31.03,76340
11.915,BARO0,31.04,76328
11.925,BARO0,31.03,76322
11.935,BARO0,31.03,76275
11.945,BARO0,31.01,76275
11.955,BARO0,31.04,76231
11.965,BARO0,31.03,76229
11.975,BARO0,31.05,76208
11.985,BARO0,31.05,76183
11.995,BARO0,31.03,76147
12.005,BARO0,31.04,76142
12.015,BARO0,31.03,76131
12.025,BARO0,31.03,76096
12.035,BARO0,31.04,76090
12.045,BARO0,31.02,76062
12.055,BARO0,31.04,76046
12.065,BARO0,31.05,76020
12.075,BARO0,31.04,76004
12.085,BARO0,31.03,75983
12.095,BARO0,31.04,75969
12.105,BARO0,31.03,75934
12.115,BARO0,31.04,75916
12.125,BARO0,31.03,75896
12.135,BARO0,31.04,75880
12.145,BARO0,31.04,75887
12.155,BARO0,31.05,75831
12.165,BARO0,31.03,75823
12.175,BARO0,31.04,75801
12.185,BARO0,31.05,75775
12.195,BARO0,31.03,75777
12.205,BARO0,31.04,75739
12.215,BARO0,31.04,75719
12.225,BARO0,31.04,75728
12.235,BARO0,31.03,75701
12.245,BARO0,31.05,75697
12.255,BARO0,31.03,75657
12.265,BARO0,31.04,75642
12.275,BARO0,31.04,75618
12.285,BARO0,31.04,75588
12.295,BARO0,31.03,75573
12.305,BARO0,31.04,75589
12.315,BARO0,31.04,75539
12.325,BARO0,31.03,75530
12.335,BARO0,31.03,75494
12.345,BARO0,31.02,75483
12.355,BARO0,31.05,75473
12.365,BARO0,31.05,75453
12.375,BARO0,31.04,75424
12.385,BARO0,31.03,75412
12.395,BARO0,31.04,75386
12.405,BARO0,31.03,75357
12.415,BARO0,31.04,75345
12.425,BARO0,31.04,75321
12.435,BARO0,31.07,75314
12.445,BARO0,31.05,75295
12.455,BARO0,31.05,75265
12.465,BARO0,31.05,75254
12.475,BARO0,31.04,75237
12.485,BARO0,31.03,75224
12.495,BARO0,31.04,75212
12.505,BARO0,31.04,75191
12.515,BARO0,31.03,75148
12.525,BARO0,31.04,75132
12.535,BARO0,31.04,75130
12.545,BARO0,31.04,75112
12.555,BARO0,31.02,75080
12.565,BARO0,31.04,75070
12.575,BARO0,31.04,75053
12.585,BARO0,31.03,75034
12.595,BARO0,31.02,75014
12.605,BARO0,31.04,74981
12.615,BARO0,31.03,74983
12.625,BARO0,31.04,74953
12.635,BARO0,31.04,74927
12.645,BARO0,31.04,74938
12.655,BARO0,31.05,74908
12.665,BARO0,31.04,74884
12.675,BARO0,31.05,74861
12.685,BARO0,31.05,74850
12.695,BARO0,31.05,74838
12.705,BARO0,31.03,74805
12.715,BARO0,31.05,74814
12.725,BARO0,31.04,74787
12.735,BARO0,31.03,74764
12.745,BARO0,31.03,74740
12.755,BARO0,31.04,74719
12.765,BARO0,31.04,74701
12.775,BARO0,31.04,74691
12.785,BARO0,31.04,74658
12.795,BARO0,31.04,74642
12.805,BARO0,31.04,74635
12.815,BARO0,31.04,74618
12.825,BARO0,31.05,74611
12.835,BARO0,31.03,74586
12.845,BARO0,31.05,74570
12.855,BARO0,31.06,74551
12.865,BARO0,31.06,74517
12.875,BARO0,31.04,74507
12.885,BARO0,31.03,74504
12.895,BARO0,31.04,74459
12.905,BARO0,31.04,74458
12.915,BARO0,31.04,74434
12.925,BARO0,31.04,74430
12.935,BARO0,31.03,74397
12.945,BARO0,31.04,74390
12.955,BARO0,31.06,74376
12.965,BARO0,31.04,74364
12.975,BARO0,31.05,74339
12.985,BARO0,31.04,74315
12.995,BARO0,31.03,74290
13.005,BARO0,31.04,74273
13.015,BARO0,31.04,74265
13.025,BARO0,31.04,74244
13.035,BARO0,31.04,74233
13.045,BARO0,31.04,74226
13.055,BARO0,31.05,74192
13.065,BARO0,31.03,74173
13.075,BARO0,31.05,74182
13.085,BARO0,31.04,74143
13.095,BARO0,31.03,74127
13.105,BARO0,31.05,74097
13.115,BARO0,31.05,74092
13.125,BARO0,31.04,74083
13.135,BARO0,31.06,74079
13.145,BARO0,31.04,74025
13.155,BARO0,31.04,74017
13.165,BARO0,31.04,74015
13.175,BARO0,31.03,73985
13.185,BARO0,31.07,73954
13.195,BARO0,31.03,73956
13.205,BARO0,31.05,73947
13.215,BARO0,31.05,73933
13.225,BARO0,31.05,73899
13.235,BARO0,31.05,73879
13.245,BARO0,31.05,73865
13.255,BARO0,31.05,73864
13.265,BARO0,31.03,73841
13.275,BARO0,31.06,73798
13.285,BARO0,31.04,73790
13.295,BARO0,31.04,73781
13.305,BARO0,31.04,73774
13.315,BARO0,31.05,73761
13.325,BARO0,31.04,73715
13.335,BARO0,31.05,73710
13.345,BARO0,31.05,73685
13.355,BARO0,31.03,73682
13.365,BARO0,31.04,73647
13.375,BARO0,31.06,73660
13.385,BARO0,31.04,73636
13.395,BARO0,31.05,73596
13.405,BARO0,31.05,73603
13.415,BARO0,31.05,73579
13.425,BARO0,31.05,73566
13.435,BARO0,31.05,73551
13.445,BARO0,31.03,73539
13.455,BARO0,31.07,73504
13.465,BARO0,31.05,73497
13.475,BARO0,31.03,73477
13.485,BARO0,31.05,73461
13.495,BARO0,31.04,73438
13.505,BARO0,31.05,73443
13.515,BARO0,31.05,73417
13.525,BARO0,31.05,73400
13.535,BARO0,31.04,73384
13.545,BARO0,31.06,73370
13.555,BARO0,31.04,73351
13.565,BARO0,31.03,73316
13.575,BARO0,31.06,73322
13.585,BARO0,31.08,73294
13.595,BARO0,31.05,73285
13.605,BARO0,31.05,73274
13.615,BARO0,31.04,73251
13.625,BARO0,31.05,73253
13.635,BARO0,31.05,73227
13.645,BARO0,31.06,73198
13.655,BARO0,31.05,73189
13.665,BARO0,31.06,73171
13.675,BARO0,31.04,73156
13.685,BARO0,31.05,73133
13.695,BARO0,31.05,73129
13.705,BARO0,31.05,73099
13.715,BARO0,31.05,73092
13.725,BARO0,31.05,73066
13.735,BARO0,31.05,73050
13.745,BARO0,31.04,73061
13.755,BARO0,31.04,73020
13.765,BARO0,31.06,73016
13.775,BARO0,31.05,72988
13.785,BARO0,31.06,72971
13.795,BARO0,31.05,72957
13.805,BARO0,31.05,72946
13.815,BARO0,31.05,72959
13.825,BARO0,31.05,72918
13.835,BARO0,31.05,72895
13.845,BARO0,31.05,72882
13.855,BARO0,31.05,72852
13.865,BARO0,31.06,72844
13.875,BARO0,31.05,72851
13.885,BARO0,31.04,72821
13.895,BARO0,31.05,72802
13.905,BARO0,31.05,72784
13.915,BARO0,31.06,72788
13.925,BARO0,31.05,72759
13.935,BARO0,31.07,72735
13.945,BARO0,31.05,72734
13.955,BARO0,31.05,72699
13.965,BARO0,31.05,72701
13.975,BARO0,31.04,72685
13.985,BARO0,31.07,72659
13.995,BARO0,31.06,72660
14.005,BARO0,31.05,72631
14.015,BARO0,31.05,72608
14.025,BARO0,31.06,72598
14.035,BARO0,31.05,72574
14.045,BARO0,31.06,72568
14.055,BARO0,31.03,72555
14.065,BARO0,31.08,72534
14.075,BARO0,31.02,72519
14.085,BARO0,31.05,72507
14.095,BARO0,31.06,72508
14.105,BARO0,31.05,72486
14.115,BARO0,31.06,72467
14.125,BARO0,31.05,72452
14.135,BARO0,31.05,72420
14.145,BARO0,31.04,72412
14.155,BARO0,31.06,72397
14.165,BARO0,31.05,72397
14.175,BARO0,31.09,72360
14.185,BARO0,31.06,72341
14.195,BARO0,31.06,72327
14.205,BARO0,31.06,72324
14.215,BARO0,31.05,72288
14.225,BARO0,31.06,72293
14.235,BARO0,31.05,72299
14.245,BARO0,31.06,72265
14.255,BARO0,31.08,72248
14.265,BARO0,31.06,72228
14.275,BARO0,31.06,72199
14.285,BARO0,31.03,72203
14.295,BARO0,31.06,72197
14.305,BARO0,31.06,72174
14.315,BARO0,31.06,72159
14.325,BARO0,31.06,72130
14.335,BARO0,31.08,72121
14.345,BARO0,31.05,72116
14.355,BARO0,31.06,72103
14.365,BARO0,31.06,72061
14.375,BARO0,31.04,72067
14.385,BARO0,31.06,72051
14.395,BARO0,31.06,72032
14.405,BARO0,31.06,72020
14.415,BARO0,31.06,72003
14.425,BARO0,31.06,72000
14.435,BARO0,31.05,71982
14.445,BARO0,31.07,71967
14.455,BARO0,31.06,71940
14.465,BARO0,31.04,71923
14.475,BARO0,31.06,71925
14.485,BARO0,31.06,71908
14.495,BARO0,31.07,71889
14.505,BARO0,31.06,71880
14.515,BARO0,31.06,71854
14.525,BARO0,31.06,71842
14.535,BARO0,31.04,71833
14.545,BARO0,31.06,71805
14.555,BARO0,31.06,71779
14.565,BARO0,31.05,71774
14.575,BARO0,31.05,71771
14.585,BARO0,31.06,71764
14.595,BARO0,31.06,71742
14.605,BARO0,31.06,71724
14.615,BARO0,31.06,71710
14.625,BARO0,31.06,71698
14.635,BARO0,31.07,71679
14.645,BARO0,31.05,71667
14.655,BARO0,31.06,71647
14.665,BARO0,31.06,71610
14.675,BARO0,31.06,71624
14.685,BARO0,31.06,71612
14.695,BARO0,31.07,71599
14.705,BARO0,31.06,71577
14.715,BARO0,31.06,71561
14.725,BARO0,31.06,71565
14.735,BARO0,31.07,71532
14.745,BARO0,31.06,71526
14.755,BARO0,31.05,71511
14.765,BARO0,31.08,71499
14.775,BARO0,31.07,71470
14.785,BARO0,31.07,71477
14.795,BARO0,31.06,71459
14.805,BARO0,31.06,71450
14.815,BARO0,31.07,71432
14.825,BARO0,31.06,71414
14.835,BARO0,31.06,71387
14.845,BARO0,31.05,71390
14.855,BARO0,31.05,71361
14.865,BARO0,31.06,71363
14.875,BARO0,31.06,71328
14.885,BARO0,31.07,71327
14.895,BARO0,31.06,71312
14.905,BARO0,31.06,71306
14.915,BARO0,31.06,71282
14.925,BARO0,31.06,71256
14.935,BARO0,31.06,71256
14.945,BARO0,31.05,71237
14.955,BARO0,31.06,71221
14.965,BARO0,31.07,71207
14.975,BARO0,31.06,71207
14.985,BARO0,31.05,71177
14.995,BARO0,31.06,71171
15.005,BARO0,31.07,71162
15.015,BARO0,31.06,71146
15.025,BARO0,31.06,71134
15.035,BARO0,31.07,71122
15.045,BARO0,31.05,71101
15.055,BARO0,31.07,71097
15.065,BARO0,31.06,71073
15.075,BARO0,31.05,71067
15.085,BARO0,31.06,71033
15.095,BARO0,31.06,71036
15.105,BARO0,31.06,71031
15.115,BARO0,31.06,71003
15.125,BARO0,31.06,70994
15.135,BARO0,31.04,70994
15.145,BARO0,31.08,70958
15.155,BARO0,31.06,70945
15.165,BARO0,31.05,70943
15.175,BARO0,31.06,70941
15.185,BARO0,31.06,70901
15.195,BARO0,31.07,70882
15.205,BARO0,31.07,70885
15.215,BARO0,31.07,70879
15.225,BARO0,31.07,70876
15.235,BARO0,31.07,70831
15.245,BARO0,31.07,70829
15.255,BARO0,31.07,70802
15.265,BARO0,31.05,70798
15.275,BARO0,31.07,70787
15.285,BARO0,31.08,70763
15.295,BARO0,31.06,70772
15.305,BARO0,31.07,70750
15.315,BARO0,31.07,70730
15.325,BARO0,31.08,70723
15.335,BARO0,31.08,70718
15.345,BARO0,31.06,70699
15.355,BARO0,31.08,70673
15.365,BARO0,31.07,70675
15.375,BARO0,31.05,70647
15.385,BARO0,31.08,70625
15.395,BARO0,31.06,70628
15.405,BARO0,31.07,70607
15.415,BARO0,31.06,70601
15.425,BARO0,31.09,70584
15.435,BARO0,31.08,70571
15.445,BARO0,31.07,70555
15.455,BARO0,31.07,70544
15.465,BARO0,31.06,70546
15.475,BARO0,31.07,70521
15.485,BARO0,31.07,70507
15.495,BARO0,31.06,70501
15.505,BARO0,31.07,70489
15.515,BARO0,31.07,70468
15.525,BARO0,31.06,70460
15.535,BARO0,31.08,70442
15.545,BARO0,31.06,70416
15.555,BARO0,31.06,70414
15.565,BARO0,31.08,70388
15.575,BARO0,31.06,70386
15.585,BARO0,31.08,70373
15.595,BARO0,31.07,70362
15.605,BARO0,31.06,70352
15.615,BARO0,31.07,70347
15.625,BARO0,31.08,70331
15.635,BARO0,31.06,70323
15.645,BARO0,31.08,70302
15.655,BARO0,31.05,70288
15.665,BARO0,31.06,70263
15.675,BARO0,31.07,70271
15.685,BARO0,31.08,70238
15.695,BARO0,31.07,70246
15.705,BARO0,31.07,70236
15.715,BARO0,31.07,70210
15.725,BARO0,31.08,70216
15.735,BARO0,31.06,70193
15.745,BARO0,31.06,70173
15.755,BARO0,31.07,70154
15.765,BARO0,31.08,70157
15.775,BARO0,31.06,70138
15.785,BARO0,31.07,70131
15.795,BARO0,31.07,70112
15.805,BARO0,31.07,70085
15.815,BARO0,31.07,70074
15.825,BARO0,31.06,70057
15.835,BARO0,31.08,70071
15.845,BARO0,31.06,70034
15.855,BARO0,31.08,70034
15.865,BARO0,31.05,70025
15.875,BARO0,31.06,69993
15.885,BARO0,31.06,69983
15.895,BARO0,31.07,70009
15.905,BARO0,31.07,69972
15.915,BARO0,31.07,69962
15.925,BARO0,31.07,69943
15.935,BARO0,31.08,69932
15.945,BARO0,31.07,69922
15.955,BARO0,31.07,69903
15.965,BARO0,31.09,69883
15.975,BARO0,31.07,69905
15.985,BARO0,31.09,69873
15.995,BARO0,31.07,69865
16.005,BARO0,31.07,69854
16.015,BARO0,31.07,69848
16.025,BARO0,31.06,69825
16.035,BARO0,31.07,69816
16.045,BARO0,31.06,69802
16.055,BARO0,31.08,69783
16.065,BARO0,31.06,69771
16.075,BARO0,31.06,69759
16.085,BARO0,31.08,69746
16.095,BARO0,31.07,69728
16.105,BARO0,31.08,69748
16.115,BARO0,31.07,69717
16.125,BARO0,31.07,69711
16.135,BARO0,31.08,69683
16.145,BARO0,31.08,69688
16.155,BARO0,31.07,69667
16.165,BARO0,31.07,69647
16.175,BARO0,31.08,69642
16.185,BARO0,31.09,69646
16.195,BARO0,31.07,69607
16.205,BARO0,31.07,69613
16.215,BARO0,31.06,69577
16.225,BARO0,31.05,69577
16.235,BARO0,31.10,69569
16.245,BARO0,31.06,69566
16.255,BARO0,31.07,69544
16.265,BARO0,31.09,69528
16.275,BARO0,31.07,69522
16.285,BARO0,31.09,69504
16.295,BARO0,31.08,69501
16.305,BARO0,31.07,69478
16.315,BARO0,31.07,69459
16.325,BARO0,31.08,69466
16.335,BARO0,31.07,69451
16.345,BARO0,31.08,69449
16.355,BARO0,31.08,69425
16.365,BARO0,31.05,69423
16.375,BARO0,31.07,69415
16.385,BARO0,31.07,69391
16.395,BARO0,31.08,69397
16.405,BARO0,31.07,69375
16.415,BARO0,31.07,69367
16.425,BARO0,31.07,69339
16.435,BARO0,31.07,69335
16.445,BARO0,31.07,69327
16.455,BARO0,31.07,69308
16.465,BARO0,31.07,69306
16.475,BARO0,31.07,69286
16.485,BARO0,31.06,69283
16.495,BARO0,31.07,69268
16.505,BARO0,31.07,69243
16.515,BARO0,31.08,69227
16.525,BARO0,31.08,69232
16.535,BARO0,31.07,69210
16.545,BARO0,31.06,69209
16.555,BARO0,31.08,69190
16.565,BARO0,31.08,69187
16.575,BARO0,31.06,69183
16.585,BARO0,31.07,69158
16.595,BARO0,31.08,69133
16.605,BARO0,31.07,69133
16.615,BARO0,31.08,69125
16.625,BARO0,31.07,69106
16.635,BARO0,31.05,69101
16.645,BARO0,31.09,69092
16.655,BARO0,31.08,69077
16.665,BARO0,31.08,69066
16.675,BARO0,31.07,69051
16.685,BARO0,31.08,69071
16.695,BARO0,31.08,69041
16.705,BARO0,31.07,69029
16.715,BARO0,31.08,69012
16.725,BARO0,31.06,69011
16.735,BARO0,31.07,69002
16.745,BARO0,31.06,68963
16.755,BARO0,31.09,68978
16.765,BARO0,31.07,68952
16.775,BARO0,31.06,68967
16.785,BARO0,31.08,68937
16.795,BARO0,31.08,68947
16.805,BARO0,31.08,68909
16.815,BARO0,31.08,68914
16.825,BARO0,31.08,68890
16.835,BARO0,31.06,68872
16.845,BARO0,31.08,68871
16.855,BARO0,31.06,68877
16.865,BARO0,31.09,68846
16.875,BARO0,31.08,68848
16.885,BARO0,31.06,68831
16.895,BARO0,31.07,68814
16.905,BARO0,31.08,68805
16.915,BARO0,31.08,68816
16.925,BARO0,31.07,68770
16.935,BARO0,31.07,68778
16.945,BARO0,31.09,68751
16.955,BARO0,31.08,68738
16.965,BARO0,31.07,68749
16.975,BARO0,31.09,68727
16.985,BARO0,31.07,68715
16.995,BARO0,31.08,68698
17.005,BARO0,31.08,68678
17.015,BARO0,31.08,68677
17.025,BARO0,31.07,68651
17.035,BARO0,31.08,68667
17.045,BARO0,31.06,68665
17.055,BARO0,31.09,68624
17.065,BARO0,31.07,68622
17.075,BARO0,31.07,68593
17.085,BARO0,31.10,68600
17.095,BARO0,31.08,68584
17.105,BARO0,31.08,68580
17.115,BARO0,31.08,68573
17.125,BARO0,31.10,68571
17.135,BARO0,31.08,68552
17.145,BARO0,31.07,68548
17.155,BARO0,31.09,68534
17.165,BARO0,31.07,68529
17.175,BARO0,31.07,68509
17.185,BARO0,31.08,68501
17.195,BARO0,31.08,68492
17.205,BARO0,31.07,68480
17.215,BARO0,31.08,68472
17.225,BARO0,31.08,68469
17.235,BARO0,31.09,68451
17.245,BARO0,31.07,68442
17.255,BARO0,31.10,68424
17.265,BARO0,31.10,68423
17.275,BARO0,31.08,68415
17.285,BARO0,31.09,68390
17.295,BARO0,31.08,68392
17.305,BARO0,31.07,68392
17.315,BARO0,31.08,68349
17.325,BARO0,31.08,68364
17.335,BARO0,31.10,68346
17.345,BARO0,31.09,68337
17.355,BARO0,31.09,68303
17.365,BARO0,31.08,68314
17.375,BARO0,31.08,68304
17.385,BARO0,31.08,68318
17.395,BARO0,31.08,68285
17.405,BARO0,31.07,68263
17.415,BARO0,31.07,68264
17.425,BARO0,31.07,68255
17.435,BARO0,31.07,68228
17.445,BARO0,31.06,68238
17.455,BARO0,31.08,68220
17.465,BARO0,31.06,68223
17.475,BARO0,31.08,68202
17.485,BARO0,31.07,68213
17.495,BARO0,31.08,68176
17.505,BARO0,31.08,68163
17.515,BARO0,31.08,68153
17.525,BARO0,31.08,68146
17.535,BARO0,31.09,68117
17.545,BARO0,31.08,68137
17.555,BARO0,31.08,68104
17.565,BARO0,31.11,68107
17.575,BARO0,31.07,68110
17.585,BARO0,31.10,68093
17.595,BARO0,31.08,68082
17.605,BARO0,31.08,68054
17.615,BARO0,31.08,68081
17.625,BARO0,31.06,68025
17.635,BARO0,31.07,68040
17.645,BARO0,31.08,68043
17.655,BARO0,31.10,68030
17.665,BARO0,31.08,68011
17.675,BARO0,31.09,68022
17.685,BARO0,31.10,68006
17.695,BARO0,31.07,67975
17.705,BARO0,31.08,67958
17.715,BARO0,31.08,67979
17.725,BARO0,31.08,67961
17.735,BARO0,31.06,67936
17.745,BARO0,31.08,67936
17.755,BARO0,31.08,67930
17.765,BARO0,31.10,67930
17.775,BARO0,31.05,67902
17.785,BARO0,31.08,67884
17.795,BARO0,31.08,67877
17.805,BARO0,31.08,67863
17.815,BARO0,31.08,67863
17.825,BARO0,31.10,67862
17.835,BARO0,31.09,67845
17.845,BARO0,31.09,67824
17.855,BARO0,31.09,67824
17.865,BARO0,31.06,67812
17.875,BARO0,31.09,67798
17.885,BARO0,31.10,67793
17.895,BARO0,31.08,67781
17.905,BARO0,31.08,67781
17.915,BARO0,31.08,67774
17.925,BARO0,31.08,67762
17.935,BARO0,31.08,67759
17.945,BARO0,31.08,67747
17.955,BARO0,31.06,67721
17.965,BARO0,31.08,67711
17.975,BARO0,31.09,67713
17.985,BARO0,31.10,67687
17.995,BARO0,31.08,67685
18.005,BARO0,31.08,67674
18.015,BARO0,31.08,67655
18.025,BARO0,31.07,67661
18.035,BARO0,31.06,67666
18.045,BARO0,31.09,67635
18.055,BARO0,31.09,67643
18.065,BARO0,31.07,67617
18.075,BARO0,31.09,67607
18.085,BARO0,31.07,67599
18.095,BARO0,31.09,67614
18.105,BARO0,31.08,67582
18.115,BARO0,31.08,67574
18.125,BARO0,31.07,67572
18.135,BARO0,31.08,67545
18.145,BARO0,31.07,67556
18.155,BARO0,31.08,67543
18.165,BARO0,31.09,67527
18.175,BARO0,31.09,67511
18.185,BARO0,31.09,67507
18.195,BARO0,31.09,67500
18.205,BARO0,31.08,67490
18.215,BARO0,31.08,67479
18.225,BARO0,31.07,67473
18.235,BARO0,31.08,67462
18.245,BARO0,31.08,67453
18.255,BARO0,31.09,67451
18.265,BARO0,31.09,67447
18.275,BARO0,31.08,67435
18.285,BARO0,31.07,67412
18.295,BARO0,31.08,67399
18.305,BARO0,31.08,67429
18.315,BARO0,31.08,67391
18.325,BARO0,31.09,67388
18.335,BARO0,31.09,67392
18.345,BARO0,31.08,67369
18.355,BARO0,31.06,67354
18.365,BARO0,31.09,67357
18.375,BARO0,31.10,67340
18.385,BARO0,31.08,67319
18.395,BARO0,31.08,67324
18.405,BARO0,31.08,67312
18.415,BARO0,31.08,67300
18.425,BARO0,31.09,67295
18.435,BARO0,31.08,67298
18.445,BARO0,31.10,67261
18.455,BARO0,31.10,67265
18.465,BARO0,31.08,67268
18.475,BARO0,31.07,67242
18.485,BARO0,31.08,67243
18.495,BARO0,31.09,67239
18.505,BARO0,31.09,67223
18.515,BARO0,31.08,67204
18.525,BARO0,31.08,67219
18.535,BARO0,31.07,67222
18.545,BARO0,31.08,67183
18.555,BARO0,31.09,67189
18.565,BARO0,31.10,67181
18.575,BARO0,31.09,67166
18.585,BARO0,31.09,67142
18.595,BARO0,31.08,67163
18.605,BARO0,31.08,67134
18.615,BARO0,31.08,67120
18.625,BARO0,31.08,67124
18.635,BARO0,31.09,67113
18.645,BARO0,31.09,67093
18.655,BARO0,31.08,67086
18.665,BARO0,31.08,67078
18.675,BARO0,31.08,67082
18.685,BARO0,31.08,67059
18.695,BARO0,31.08,67053
18.705,BARO0,31.09,67054
18.715,BARO0,31.08,67026
18.725,BARO0,31.10,67017
18.735,BARO0,31.08,67017
18.745,BARO0,31.09,67006
18.755,BARO0,31.09,67005
18.765,BARO0,31.08,66975
18.775,BARO0,31.09,66992
18.785,BARO0,31.09,66992
18.795,BARO0,31.08,66969
18.805,BARO0,31.08,66959
18.815,BARO0,31.08,66967
18.825,BARO0,31.08,66936
18.835,BARO0,31.08,66929
18.845,BARO0,31.07,66933
18.855,BARO0,31.09,66933
18.865,BARO0,31.09,66889
18.875,BARO0,31.10,66895
18.885,BARO0,31.10,66880
18.895,BARO0,31.08,66869
18.905,BARO0,31.08,66872
18.915,BARO0,31.08,66859
18.925,BARO0,31.07,66876
18.935,BARO0,31.09,66853
18.945,BARO0,31.08,66846
18.955,BARO0,31.09,66824
18.965,BARO0,31.08,66829
18.975,BARO0,31.09,66822
18.985,BARO0,31.08,66810
18.995,BARO0,31.08,66810
19.005,BARO0,31.08,66792
19.015,BARO0,31.08,66787
19.025,BARO0,31.09,66778
19.035,BARO0,31.10,66759
19.045,BARO0,31.08,66766
19.055,BARO0,31.08,66748
19.065,BARO0,31.08,66760
19.075,BARO0,31.08,66733
19.085,BARO0,31.09,66731
19.095,BARO0,31.08,66720
19.105,BARO0,31.09,66720
19.115,BARO0,31.08,66710
19.125,BARO0,31.09,66698
19.135,BARO0,31.10,66689
19.145,BARO0,31.09,66667
19.155,BARO0,31.08,66657
19.165,BARO0,31.08,66664
19.175,BARO0,31.07,66665
19.185,BARO0,31.08,66638
19.195,BARO0,31.08,66645
19.205,BARO0,31.08,66600
19.215,BARO0,31.09,66625
19.225,BARO0,31.08,66627
19.235,BARO0,31.09,66615
19.245,BARO0,31.06,66614
19.255,BARO0,31.08,66589
19.265,BARO0,31.07,66602
19.275,BARO0,31.08,66585
19.285,BARO0,31.08,66558
19.295,BARO0,31.08,66557
19.305,BARO0,31.08,66552
19.315,BARO0,31.08,66536
19.325,BARO0,31.08,66547
19.335,BARO0,31.09,66541
19.345,BARO0,31.10,66514
19.355,BARO0,31.08,66517
19.365,BARO0,31.09,66496
19.375,BARO0,31.07,66476
19.385,BARO0,31.08,66469
19.395,BARO0,31.08,66461
19.405,BARO0,31.08,66473
19.415,BARO0,31.07,66461
19.425,BARO0,31.08,66471
19.435,BARO0,31.07,66452
19.445,BARO0,31.07,66438
19.455,BARO0,31.08,66433
19.465,BARO0,31.07,66448
19.475,BARO0,31.07,66406
19.485,BARO0,31.08,66420
19.495,BARO0,31.08,66402
19.505,BARO0,31.07,66403
19.515,BARO0,31.08,66375
19.525,BARO0,31.09,66387
19.535,BARO0,31.07,66378
19.545,BARO0,31.09,66371
19.555,BARO0,31.08,66350
19.565,BARO0,31.07,66350
19.575,BARO0,31.07,66340
19.585,BARO0,31.07,66323
19.595,BARO0,31.08,66323
19.605,BARO0,31.08,66322
19.615,BARO0,31.08,66318
19.625,BARO0,31.08,66318
19.635,BARO0,31.08,66281
19.645,BARO0,31.10,66295
19.655,BARO0,31.09,66278
19.665,BARO0,31.07,66278
19.675,BARO0,31.08,66280
19.685,BARO0,31.07,66252
19.695,BARO0,31.08,66259
19.705,BARO0,31.08,66238
19.715,BARO0,31.08,66245
19.725,BARO0,31.06,66243
19.735,BARO0,31.06,66217
19.745,BARO0,31.07,66213
19.755,BARO0,31.08,66209
19.765,BARO0,31.10,66205
19.775,BARO0,31.07,66209
19.785,BARO0,31.07,66185
19.795,BARO0,31.07,66187
19.805,BARO0,31.08,66160
19.815,BARO0,31.07,66173
19.825,BARO0,31.10,66167
19.835,BARO0,31.07,66167
19.845,BARO0,31.09,66151
19.855,BARO0,31.08,66141
19.865,BARO0,31.08,66130
19.875,BARO0,31.08,66126
19.885,BARO0,31.08,66105
19.895,BARO0,31.07,66108
19.905,BARO0,31.07,66097
19.915,BARO0,31.08,66087
19.925,BARO0,31.09,66082
19.935,BARO0,31.08,66066
19.945,BARO0,31.08,66064
19.955,BARO0,31.07,66073
19.965,BARO0,31.08,66045
19.975,BARO0,31.08,66048
19.985,BARO0,31.07,66050
19.995,BARO0,31.07,66034
20.005,BARO0,31.08,66036
20.015,BARO0,31.08,66030
20.025,BARO0,31.08,66026
20.035,BARO0,31.07,66019
20.045,BARO0,31.08,66007
20.055,BARO0,31.08,66014
20.065,BARO0,31.09,66001
20.075,BARO0,31.07,65996
20.085,BARO0,31.07,65978
20.095,BARO0,31.08,65980
20.105,BARO0,31.07,65956
20.115,BARO0,31.07,65963
20.125,BARO0,31.09,65945
20.135,BARO0,31.07,65942
20.145,BARO0,31.08,65935
20.155,BARO0,31.07,65927
20.165,BARO0,31.08,65909
20.175,BARO0,31.08,65901
20.185,BARO0,31.05,65908
20.195,BARO0,31.07,65905
20.205,BARO0,31.07,65894
20.215,BARO0,31.07,65894
20.225,BARO0,31.08,65876
20.235,BARO0,31.08,65861
20.245,BARO0,31.08,65854
20.255,BARO0,31.06,65860
20.265,BARO0,31.08,65861
20.275,BARO0,31.08,65835
20.285,BARO0,31.06,65841
20.295,BARO0,31.07,65834
20.305,BARO0,31.06,65811
20.315,BARO0,31.07,65815
20.325,BARO0,31.08,65810
20.335,BARO0,31.08,65794
20.345,BARO0,31.06,65794
20.355,BARO0,31.07,65782
20.365,BARO0,31.06,65784
20.375,BARO0,31.07,65787
20.385,BARO0,31.06,65773
20.395,BARO0,31.07,65772
20.405,BARO0,31.07,65756
20.415,BARO0,31.07,65758
20.425,BARO0,31.08,65752
20.435,BARO0,31.08,65751
20.445,BARO0,31.08,65735
20.455,BARO0,31.08,65736
20.465,BARO0,31.07,65714
20.475,BARO0,31.08,65717
20.485,BARO0,31.06,65717
20.495,BARO0,31.07,65694
20.505,BARO0,31.08,65688
20.515,BARO0,31.07,65670
20.525,BARO0,31.08,65699
20.535,BARO0,31.05,65677
20.545,BARO0,31.08,65669
20.555,BARO0,31.07,65661
20.565,BARO0,31.08,65661
20.575,BARO0,31.08,65651
20.585,BARO0,31.06,65644
20.595,BARO0,31.06,65621
20.605,BARO0,31.07,65641
20.615,BARO0,31.06,65629
20.625,BARO0,31.07,65619
20.635,BARO0,31.06,65614
20.645,BARO0,31.05,65612
20.655,BARO0,31.07,65587
20.665,BARO0,31.07,65581
20.675,BARO0,31.06,65594
20.685,BARO0,31.07,65582
20.695,BARO0,31.07,65567
20.705,BARO0,31.06,65575
20.715,BARO0,31.06,65556
20.725,BARO0,31.08,65555
20.735,BARO0,31.06,65543
20.745,BARO0,31.05,65556
20.755,BARO0,31.06,65532
20.765,BARO0,31.07,65513
20.775,BARO0,31.07,65529
20.785,BARO0,31.05,65520
20.795,BARO0,31.06,65519
20.805,BARO0,31.06,65514
20.815,BARO0,31.07,65505
20.825,BARO0,31.07,65484
20.835,BARO0,31.05,65488
20.845,BARO0,31.08,65466
20.855,BARO0,31.07,65467
20.865,BARO0,31.07,65452
20.875,BARO0,31.06,65434
20.885,BARO0,31.07,65463
20.895,BARO0,31.07,65452
20.905,BARO0,31.06,65438
20.915,BARO0,31.06,65437
20.925,BARO0,31.05,65422
20.935,BARO0,31.04,65431
20.945,BARO0,31.06,65426
20.955,BARO0,31.07,65425
20.965,BARO0,31.06,65412
20.975,BARO0,31.06,65409
20.985,BARO0,31.06,65404
20.995,BARO0,31.06,65405
21.005,BARO0,31.07,65375
21.015,BARO0,31.06,65371
21.025,BARO0,31.08,65361
21.035,BARO0,31.05,65375
21.045,BARO0,31.06,65371
21.055,BARO0,31.08,65361
21.065,BARO0,31.07,65359
21.075,BARO0,31.05,65335
21.085,BARO0,31.06,65338
21.095,BARO0,31.06,65336
21.105,BARO0,31.06,65327
21.115,BARO0,31.06,65312
21.125,BARO0,31.06,65301
21.135,BARO0,31.05,65306
21.145,BARO0,31.06,65304
21.155,BARO0,31.07,65284
21.165,BARO0,31.07,65297
21.175,BARO0,31.05,65298
21.185,BARO0,31.07,65279
21.195,BARO0,31.06,65265
21.205,BARO0,31.06,65289
21.215,BARO0,31.06,65256
21.225,BARO0,31.06,65233
21.235,BARO0,31.05,65245
21.245,BARO0,31.06,65242
21.255,BARO0,31.06,65243
21.265,BARO0,31.06,65256
21.275,BARO0,31.03,65220
21.285,BARO0,31.05,65231
21.295,BARO0,31.06,65209
21.305,BARO0,31.06,65215
21.315,BARO0,31.06,65199
21.325,BARO0,31.05,65186
21.335,BARO0,31.06,65193
21.345,BARO0,31.06,65190
21.355,BARO0,31.07,65210
21.365,BARO0,31.06,65175
21.375,BARO0,31.06,65189
21.385,BARO0,31.07,65160
21.395,BARO0,31.05,65172
21.405,BARO0,31.05,65167
21.415,BARO0,31.06,65158
21.425,BARO0,31.06,65153
21.435,BARO0,31.06,65144
21.445,BARO0,31.05,65143
21.455,BARO0,31.04,65127
21.465,BARO0,31.07,65124
21.475,BARO0,31.06,65108
21.485,BARO0,31.05,65119
21.495,BARO0,31.05,65111
21.505,BARO0,31.05,65105
21.515,BARO0,31.05,65096
21.525,BARO0,31.05,65102
21.535,BARO0,31.05,65077
21.545,BARO0,31.04,65102
21.555,BARO0,31.06,65073
21.565,BARO0,31.04,65061
21.575,BARO0,31.05,65068
21.585,BARO0,31.05,65068
21.595,BARO0,31.05,65062
21.605,BARO0,31.05,65050
21.615,BARO0,31.05,65063
21.625,BARO0,31.03,65041
21.635,BARO0,31.04,65040
21.645,BARO0,31.08,65031
21.655,BARO0,31.04,65028
21.665,BARO0,31.04,65017
21.675,BARO0,31.04,65018
21.685,BARO0,31.05,64990
21.695,BARO0,31.05,65016
21.705,BARO0,31.05,64996
21.715,BARO0,31.06,65002
21.725,BARO0,31.05,64964
21.735,BARO0,31.05,64988
21.745,BARO0,31.04,64974
21.755,BARO0,31.05,64996
21.765,BARO0,31.05,64960
21.775,BARO0,31.05,64962
21.785,BARO0,31.04,64969
21.795,BARO0,31.05,64956
21.805,BARO0,31.05,64944
21.815,BARO0,31.04,64946
21.825,BARO0,31.06,64937
21.835,BARO0,31.04,64930
21.845,BARO0,31.05,64930
21.855,BARO0,31.04,64920
21.865,BARO0,31.06,64910
21.875,BARO0,31.03,64905
21.885,BARO0,31.05,64903
21.895,BARO0,31.05,64904
21.905,BARO0,31.05,64906
21.915,BARO0,31.04,64902
21.925,BARO0,31.03,64905
21.935,BARO0,31.03,64891
21.945,BARO0,31.04,64890
21.955,BARO0,31.04,64862
21.965,BARO0,31.04,64864
21.975,BARO0,31.05,64868
21.985,BARO0,31.04,64857
21.995,BARO0,31.05,64857
22.005,BARO0,31.05,64850
22.015,BARO0,31.04,64840
22.025,BARO0,31.03,64849
22.035,BARO0,31.03,64825
22.045,BARO0,31.05,64840
22.055,BARO0,31.06,64821
22.065,BARO0,31.04,64817
22.075,BARO0,31.06,64801
22.085,BARO0,31.04,64802
22.095,BARO0,31.05,64803
22.105,BARO0,31.04,64796
22.115,BARO0,31.04,64788
22.125,BARO0,31.04,64788
22.135,BARO0,31.06,64796
22.145,BARO0,31.05,64774
22.155,BARO0,31.04,64790
22.165,BARO0,31.04,64765
22.175,BARO0,31.03,64787
22.185,BARO0,31.04,64772
22.195,BARO0,31.04,64777
22.205,BARO0,31.04,64777
22.215,BARO0,31.04,64744
22.225,BARO0,31.06,64741
22.235,BARO0,31.04,64739
22.245,BARO0,31.05,64729
22.255,BARO0,31.07,64722
22.265,BARO0,31.06,64719
22.275,BARO0,31.03,64731
22.285,BARO0,31.04,64710
22.295,BARO0,31.04,64715
22.305,BARO0,31.04,64725
22.315,BARO0,31.04,64707
22.325,BARO0,31.05,64699
22.335,BARO0,31.03,64677
22.345,BARO0,31.04,64692
22.355,BARO0,31.04,64688
22.365,BARO0,31.04,64689
22.375,BARO0,31.04,64681
22.385,BARO0,31.03,64673
22.395,BARO0,31.04,64682
22.405,BARO0,31.04,64658
22.415,BARO0,31.04,64661
22.425,BARO0,31.05,64654
22.435,BARO0,31.04,64640
22.445,BARO0,31.04,64638
22.455,BARO0,31.04,64642
22.465,BARO0,31.04,64632
22.475,BARO0,31.03,64641
22.485,BARO0,31.04,64638
22.495,BARO0,31.04,64609
22.505,BARO0,31.03,64611
22.515,BARO0,31.02,64623
22.525,BARO0,31.05,64614
22.535,BARO0,31.05,64612
22.545,BARO0,31.02,64597
22.555,BARO0,31.05,64606
22.565,BARO0,31.05,64591
22.575,BARO0,31.05,64598
22.585,BARO0,31.04,64587
22.595,BARO0,31.03,64587
22.605,BARO0,31.04,64568
22.615,BARO0,31.04,64581
22.625,BARO0,31.05,64574
22.635,BARO0,31.04,64584
22.645,BARO0,31.03,64572
22.655,BARO0,31.03,64561
22.665,BARO0,31.02,64549
22.675,BARO0,31.04,64546
22.685,BARO0,31.03,64541
22.695,BARO0,31.03,64524
22.705,BARO0,31.03,64537
22.715,BARO0,31.03,64534
22.725,BARO0,31.02,64519
22.735,BARO0,31.02,64534
22.745,BARO0,31.03,64532
22.755,BARO0,31.02,64508
22.765,BARO0,31.01,64507
22.775,BARO0,31.05,64515
22.785,BARO0,31.02,64500
22.795,BARO0,31.03,64507
22.805,BARO0,31.04,64507
22.815,BARO0,31.03,64496
22.825,BARO0,31.02,64473
22.835,BARO0,31.05,64492
22.845,BARO0,31.04,64491
22.855,BARO0,31.02,64475
22.865,BARO0,31.03,64479
22.875,BARO0,31.02,64460
22.885,BARO0,31.03,64470
22.895,BARO0,31.03,64446
22.905,BARO0,31.03,64466
22.915,BARO0,31.03,64474
22.925,BARO0,31.04,64462
22.935,BARO0,31.02,64449
22.945,BARO0,31.03,64451
22.955,BARO0,31.04,64457
22.965,BARO0,31.02,64427
22.975,BARO0,31.04,64438
22.985,BARO0,31.02,64443
22.995,BARO0,31.03,64431
23.005,BARO0,31.03,64417
23.015,BARO0,31.04,64413
23.025,BARO0,31.03,64420
23.035,BARO0,31.04,64409
23.045,BARO0,31.04,64405
23.055,BARO0,31.04,64390
23.065,BARO0,31.01,64409
23.075,BARO0,31.03,64400
23.085,BARO0,31.03,64402
23.095,BARO0,31.02,64369
23.105,BARO0,31.03,64397
23.115,BARO0,31.02,64371
23.125,BARO0,31.02,64380
23.135,BARO0,31.03,64370
23.145,BARO0,31.02,64373
23.155,BARO0,31.03,64369
23.165,BARO0,31.04,64357
23.175,BARO0,31.02,64359
23.185,BARO0,31.02,64349
23.195,BARO0,31.02,64353
23.205,BARO0,31.03,64352
23.215,BARO0,31.02,64346
23.225,BARO0,31.02,64352
23.235,BARO0,31.02,64357
23.245,BARO0,31.02,64342
23.255,BARO0,31.04,64351
23.265,BARO0,31.04,64323
23.275,BARO0,31.03,64343
23.285,BARO0,31.02,64314
23.295,BARO0,31.02,64318
23.305,BARO0,31.03,64313
23.315,BARO0,31.02,64310
23.325,BARO0,31.02,64309
23.335,BARO0,31.00,64323
23.345,BARO0,31.01,64286
23.355,BARO0,31.02,64291
23.365,BARO0,31.04,64297
23.375,BARO0,31.03,64295
23.385,BARO0,31.02,64299
23.395,BARO0,31.02,64293
23.405,BARO0,31.02,64282
23.415,BARO0,31.04,64277
23.425,BARO0,31.02,64272
23.435,BARO0,31.02,64282
23.445,BARO0,31.04,64278
23.455,BARO0,31.03,64267
23.465,BARO0,31.03,64260
23.475,BARO0,31.03,64266
23.485,BARO0,31.02,64248
23.495,BARO0,31.02,64260
23.505,BARO0,31.02,64252
23.515,BARO0,31.01,64241
23.525,BARO0,31.02,64252
23.535,BARO0,31.01,64241
23.545,BARO0,31.02,64249
23.555,BARO0,31.01,64232
23.565,BARO0,31.02,64210
23.575,BARO0,31.03,64227
23.585,BARO0,31.02,64224
23.595,BARO0,31.02,64218
23.605,BARO0,31.02,64203
23.615,BARO0,31.02,64213
23.625,BARO0,31.04,64201
23.635,BARO0,31.01,64220
23.645,BARO0,31.01,64206
23.655,BARO0,31.01,64208
23.665,BARO0,31.02,64210
23.675,BARO0,31.02,64190
23.685,BARO0,31.02,64197
23.695,BARO0,31.01,64199
23.705,BARO0,31.02,64171
23.715,BARO0,31.02,64184
23.725,BARO0,31.02,64180
23.735,BARO0,31.02,64179
23.745,BARO0,31.01,64175
23.755,BARO0,31.02,64174
23.765,BARO0,31.02,64164
23.775,BARO0,31.02,64184
23.785,BARO0,31.02,64166
23.795,BARO0,31.02,64168
23.805,BARO0,31.02,64153
23.815,BARO0,31.02,64152
23.825,BARO0,31.02,64142
23.835,BARO0,31.03,64129
23.845,BARO0,31.01,64160
23.855,BARO0,31.03,64130
23.865,BARO0,31.03,64132
23.875,BARO0,31.03,64136
23.885,BARO0,31.01,64147
23.895,BARO0,31.02,64118
23.905,BARO0,31.02,64129
23.915,BARO0,31.02,64121
23.925,BARO0,31.02,64123
23.935,BARO0,31.02,64121
23.945,BARO0,31.01,64117
23.955,BARO0,31.02,64113
23.965,BARO0,31.03,64126
23.975,BARO0,31.01,64107
23.985,BARO0,31.02,64110
23.995,BARO0,31.02,64095
24.005,BARO0,31.01,64107
24.015,BARO0,31.01,64094
24.025,BARO0,31.00,64097
24.035,BARO0,31.03,64102
24.045,BARO0,31.02,64087
24.055,BARO0,31.03,64111
24.065,BARO0,31.02,64082
24.075,BARO0,31.01,64103
24.085,BARO0,31.02,64085
24.095,BARO0,31.02,64077
24.105,BARO0,31.01,64071
24.115,BARO0,31.02,64080
24.125,BARO0,31.01,64084
24.135,BARO0,31.03,64084
24.145,BARO0,31.02,64081
24.155,BARO0,31.02,64073
24.165,BARO0,31.02,64059
24.175,BARO0,31.02,64057
24.185,BARO0,31.01,64052
24.195,BARO0,31.02,64054
24.205,BARO0,31.02,64051
24.215,BARO0,31.00,64051
24.225,BARO0,31.02,64066
24.235,BARO0,31.02,64042
24.245,BARO0,31.02,64037
24.255,BARO0,31.03,64036
24.265,BARO0,31.02,64032
24.275,BARO0,31.01,64050
24.285,BARO0,31.02,64022
24.295,BARO0,31.02,64050
24.305,BARO0,31.02,64027
24.315,BARO0,31.01,64025
24.325,BARO0,31.04,64030
24.335,BARO0,31.00,64023
24.345,BARO0,31.01,64000
24.355,BARO0,31.02,64030
24.365,BARO0,31.00,64002
24.375,BARO0,31.02,64015
24.385,BARO0,31.02,64003
24.395,BARO0,31.02,64007
24.405,BARO0,31.02,64002
24.415,BARO0,31.03,63991
24.425,BARO0,31.02,64007
24.435,BARO0,31.00,63995
24.445,BARO0,31.00,64001
24.455,BARO0,31.01,63984
24.465,BARO0,31.02,63989
24.475,BARO0,31.03,63986
24.485,BARO0,31.01,63977
24.495,BARO0,31.01,63975
24.505,BARO0,31.02,63981
24.515,BARO0,31.01,63974
24.525,BARO0,31.02,63976
24.535,BARO0,31.02,63971
24.545,BARO0,31.01,63969
24.555,BARO0,31.02,63951
24.565,BARO0,31.01,63949
24.575,BARO0,31.02,63969
24.585,BARO0,31.02,63980
24.595,BARO0,31.01,63942
24.605,BARO0,31.01,63977
24.615,BARO0,31.01,63945
24.625,BARO0,31.02,63955
24.635,BARO0,31.01,63965
24.645,BARO0,31.02,63948
24.655,BARO0,31.00,63945
24.665,BARO0,31.02,63944
24.675,BARO0,31.01,63958
24.685,BARO0,31.01,63939
24.695,BARO0,31.02,63942
24.705,BARO0,31.01,63944
24.715,BARO0,31.01,63925
24.725,BARO0,31.01,63926
24.735,BARO0,31.00,63938
24.745,BARO0,31.02,63917
24.755,BARO0,31.02,63936
24.765,BARO0,31.01,63922
24.775,BARO0,31.01,63936
24.785,BARO0,31.01,63931
24.795,BARO0,31.01,63918
24.805,BARO0,31.02,63907
24.815,BARO0,31.01,63902
24.825,BARO0,31.03,63919
24.835,BARO0,31.00,63923
24.845,BARO0,31.01,63912
24.855,BARO0,31.00,63920
24.865,BARO0,31.03,63906
24.875,BARO0,31.03,63922
24.885,BARO0,31.01,63905
24.895,BARO0,31.01,63918
24.905,BARO0,31.01,63910
24.915,BARO0,31.01,63891
24.925,BARO0,31.01,63899
24.935,BARO0,31.00,63880
24.945,BARO0,31.01,63884
24.955,BARO0,31.02,63890
24.965,BARO0,31.02,63905
24.975,BARO0,31.02,63898
24.985,BARO0,31.01,63884
24.995,BARO0,31.01,63897
25.005,BARO0,31.01,63866
25.015,BARO0,31.02,63891
25.025,BARO0,31.02,63881
25.035,BARO0,31.02,63881
25.045,BARO0,31.03,63862
25.055,BARO0,31.01,63857
25.065,BARO0,31.00,63879
25.075,BARO0,31.01,63883
25.085,BARO0,31.01,63870
25.095,BARO0,31.02,63867
25.105,BARO0,31.01,63856
25.115,BARO0,31.00,63864
25.125,BARO0,31.01,63854
25.135,BARO0,31.02,63867
25.145,BARO0,31.03,63878
25.155,BARO0,31.03,63861
25.165,BARO0,30.99,63881
25.175,BARO0,31.02,63857
25.185,BARO0,31.02,63845
25.195,BARO0,31.02,63835
25.205,BARO0,31.01,63848
25.215,BARO0,31.04,63843
25.225,BARO0,31.04,63831
25.235,BARO0,31.03,63852
25.245,BARO0,31.01,63863
25.255,BARO0,31.01,63851
25.265,BARO0,31.02,63845
25.275,BARO0,31.00,63843
25.285,BARO0,31.01,63830
25.295,BARO0,31.01,63831
25.305,BARO0,31.01,63852
25.315,BARO0,31.03,63833
25.325,BARO0,31.00,63848
25.335,BARO0,31.03,63836
25.345,BARO0,31.03,63817
25.355,BARO0,31.01,63832
25.365,BARO0,31.01,63824
25.375,BARO0,31.02,63826
25.385,BARO0,31.02,63819
25.395,BARO0,31.01,63835
25.405,BARO0,31.02,63822
25.415,BARO0,31.02,63843
25.425,BARO0,30.99,63819
25.435,BARO0,31.02,63828
25.445,BARO0,31.00,63821
25.455,BARO0,31.02,63818
25.465,BARO0,31.01,63807
25.475,BARO0,31.01,63822
25.485,BARO0,31.01,63816
25.495,BARO0,31.01,63823
25.505,BARO0,31.01,63820
25.515,BARO0,31.00,63823
25.525,BARO0,31.01,63820
25.535,BARO0,31.03,63808
25.545,BARO0,31.02,63806
25.555,BARO0,31.03,63811
25.565,BARO0,31.02,63804
25.575,BARO0,31.01,63822
25.585,BARO0,31.01,63809
25.595,BARO0,31.01,63794
25.605,BARO0,31.01,63802
25.615,BARO0,31.02,63806
25.625,BARO0,30.99,63822
25.635,BARO0,31.01,63814
25.645,BARO0,31.03,63800
25.655,BARO0,31.02,63799
25.665,BARO0,31.03,63792
25.675,BARO0,31.02,63786
25.685,BARO0,31.01,63792
25.695,BARO0,31.01,63802
25.705,BARO0,31.01,63797
25.715,BARO0,31.02,63778
25.725,BARO0,31.01,63802
25.735,BARO0,31.02,63781
25.745,BARO0,31.00,63792
25.755,BARO0,31.03,63814
25.765,BARO0,31.03,63781
25.775,BARO0,31.02,63770
25.785,BARO0,31.01,63780
25.795,BARO0,31.02,63792
25.805,BARO0,31.01,63789
25.815,BARO0,31.03,63782
25.825,BARO0,31.00,63795
25.835,BARO0,31.02,63785
25.845,BARO0,31.02,63775
25.855,BARO0,31.02,63775
25.865,BARO0,31.02,63773
25.875,BARO0,31.01,63769
25.885,BARO0,31.01,63773
25.895,BARO0,31.01,63775
25.905,BARO0,31.01,63761
25.915,BARO0,31.02,63763
25.925,BARO0,31.02,63768
25.935,BARO0,31.01,63783
25.945,BARO0,31.00,63772
25.955,BARO0,31.02,63775
25.965,BARO0,31.03,63755
25.975,BARO0,31.01,63764
25.985,BARO0,31.02,63775
25.995,BARO0,31.01,63762
26.005,BARO0,31.01,63755
26.015,BARO0,31.02,63762
26.025,BARO0,31.01,63763
26.035,BARO0,31.01,63768
26.045,BARO0,31.02,63776
26.055,BARO0,31.01,63747
26.065,BARO0,31.02,63764
26.075,BARO0,31.02,63753
26.085,BARO0,31.02,63750
26.095,BARO0,31.02,63770
26.105,BARO0,31.01,63773
26.115,BARO0,31.01,63772
26.125,BARO0,31.03,63766
26.135,BARO0,31.01,63760
26.145,BARO0,31.00,63755
26.155,BARO0,31.01,63753
26.165,BARO0,31.00,63747
26.175,BARO0,31.02,63750
26.185,BARO0,31.02,63761
26.195,BARO0,31.02,63764
26.205,BARO0,31.02,63749
26.215,BARO0,31.02,63749
26.225,BARO0,31.03,63752
26.235,BARO0,31.02,63748
26.245,BARO0,31.01,63752
26.255,BARO0,31.02,63730
26.265,BARO0,31.02,63744
26.275,BARO0,31.01,63743
26.285,BARO0,31.02,63759
26.295,BARO0,31.02,63743
26.305,BARO0,31.01,63749
26.315,BARO0,31.03,63738
26.325,BARO0,31.02,63750
26.335,BARO0,31.02,63749
26.345,BARO0,31.03,63755
26.355,BARO0,31.02,63739
26.365,BARO0,31.02,63754
26.375,BARO0,31.03,63750
26.385,BARO0,31.02,63741
26.395,BARO0,31.01,63746
26.405,BARO0,31.02,63729
26.415,BARO0,31.03,63742
26.425,BARO0,31.02,63759
26.435,BARO0,31.00,63754
26.445,BARO0,31.03,63750
26.455,BARO0,31.01,63760
26.465,BARO0,31.03,63759
26.475,BARO0,31.02,63746
26.485,BARO0,31.01,63744
26.495,BARO0,31.02,63757
26.505,BARO0,31.02,63749
26.515,BARO0,31.02,63744
26.525,BARO0,31.02,63761
26.535,BARO0,31.01,63754
26.545,BARO0,31.02,63737
26.555,BARO0,31.02,63737
26.565,BARO0,31.04,63745
26.575,BARO0,31.02,63734
26.585,BARO0,31.02,63740
26.595,BARO0,31.02,63745
26.605,BARO0,31.02,63740
26.615,BARO0,31.04,63727
26.625,BARO0,31.02,63749
26.635,BARO0,31.01,63741
26.645,BARO0,31.00,63752
26.655,BARO0,31.04,63754
26.665,BARO0,31.02,63751
26.675,BARO0,31.02,63741
26.685,BARO0,31.02,63749
26.695,BARO0,31.02,63737
26.705,BARO0,31.02,63730
26.715,BARO0,31.01,63745
26.725,BARO0,31.02,63743
26.735,BARO0,31.02,63729
26.745,BARO0,30.99,63763
26.755,BARO0,30.99,63748
26.765,BARO0,31.01,63730
26.775,BARO0,31.01,63750
26.785,BARO0,31.02,63744
26.795,BARO0,31.02,63736
26.805,BARO0,31.02,63745
26.815,BARO0,31.03,63738
26.825,BARO0,31.01,63747
26.835,BARO0,31.02,63748
26.845,BARO0,31.01,63732
26.855,BARO0,31.02,63755
26.865,BARO0,31.04,63752
26.875,BARO0,31.02,63748
26.885,BARO0,31.02,63745
26.895,BARO0,31.02,63757
26.905,BARO0,31.03,63757
26.915,BARO0,31.04,63747
26.925,BARO0,31.03,63742
26.935,BARO0,31.00,63740
26.945,BARO0,31.01,63746
26.955,BARO0,31.01,63755
26.965,BARO0,31.04,63733
26.975,BARO0,31.03,63729
26.985,BARO0,31.02,63755
26.995,BARO0,31.02,63764
27.005,BARO0,31.03,63749
27.015,BARO0,31.05,63736
27.025,BARO0,31.01,63756
27.035,BARO0,31.02,63750
27.045,BARO0,31.02,63747
27.055,BARO0,31.02,63756
27.065,BARO0,31.03,63748
27.075,BARO0,31.01,63740
27.085,BARO0,31.03,63756
27.095,BARO0,31.03,63751
27.105,BARO0,31.02,63759
27.115,BARO0,31.03,63765
27.125,BARO0,31.00,63756
27.135,BARO0,31.02,63754
27.145,BARO0,31.05,63753
27.155,BARO0,31.02,63762
27.165,BARO0,31.03,63757
27.175,BARO0,31.03,63762
27.185,BARO0,31.03,63744
27.195,BARO0,31.03,63772
27.205,BARO0,31.03,63745
27.215,BARO0,31.02,63746
27.225,BARO0,31.01,63762
27.235,BARO0,31.04,63752
27.245,BARO0,31.04,63750
27.255,BARO0,31.05,63756
27.265,BARO0,31.02,63750
27.275,BARO0,31.03,63755
27.285,BARO0,31.03,63742
27.295,BARO0,31.04,63760
27.305,BARO0,31.03,63757
27.315,BARO0,31.03,63748
27.325,BARO0,31.02,63759
27.335,BARO0,31.04,63763
27.345,BARO0,31.02,63753
27.355,BARO0,31.05,63755
27.365,BARO0,31.05,63768
27.375,BARO0,31.03,63780
27.385,BARO0,31.03,63758
27.395,BARO0,31.04,63776
27.405,BARO0,31.03,63770
27.415,BARO0,31.02,63754
27.425,BARO0,31.03,63784
27.435,BARO0,31.06,63775
27.445,BARO0,31.03,63761
27.455,BARO0,31.03,63791
27.465,BARO0,31.03,63772
27.475,BARO0,31.04,63768
27.485,BARO0,31.04,63785
27.495,BARO0,31.04,63777
27.505,BARO0,31.03,63772
27.515,BARO0,31.05,63773
27.525,BARO0,31.02,63759
27.535,BARO0,31.03,63776
27.545,BARO0,31.04,63764
27.555,BARO0,31.05,63772
27.565,BARO0,31.05,63764
27.575,BARO0,31.04,63779
27.585,BARO0,31.03,63795
27.595,BARO0,31.04,63789
27.605,BARO0,31.03,63777
27.615,BARO0,31.04,63779
27.625,BARO0,31.02,63777
27.635,BARO0,31.02,63777
27.645,BARO0,31.03,63791
27.655,BARO0,31.03,63778
27.665,BARO0,31.03,63780
27.675,BARO0,31.01,63788
27.685,BARO0,31.03,63789
27.695,BARO0,31.04,63789
27.705,BARO0,31.04,63795
27.715,BARO0,31.04,63799
27.725,BARO0,31.02,63805
27.735,BARO0,31.03,63799
27.745,BARO0,31.04,63785
27.755,BARO0,31.04,63800
27.765,BARO0,31.04,63798
27.775,BARO0,31.04,63797
27.785,BARO0,31.04,63804
27.795,BARO0,31.03,63795
27.805,BARO0,31.03,63795
27.815,BARO0,31.03,63798
27.825,BARO0,31.04,63806
27.835,BARO0,31.03,63793
27.845,BARO0,31.03,63807
27.855,BARO0,31.02,63818
27.865,BARO0,31.03,63799
27.875,BARO0,31.04,63797
27.885,BARO0,31.04,63811
27.895,BARO0,31.03,63804
27.905,BARO0,31.04,63814
27.915,BARO0,31.03,63789
27.925,BARO0,31.01,63806
27.935,BARO0,31.03,63798
27.945,BARO0,31.04,63794
27.955,BARO0,31.04,63805
27.965,BARO0,31.02,63823
27.975,BARO0,31.02,63783
27.985,BARO0,31.03,63812
27.995,BARO0,31.04,63824
28.005,BARO0,31.04,63825
28.015,BARO0,31.02,63807
28.025,BARO0,31.04,63823
28.035,BARO0,31.05,63828
28.045,BARO0,31.03,63820
28.055,BARO0,31.03,63828
28.065,BARO0,31.03,63818
28.075,BARO0,31.05,63822
